id_yr,id,year,geoid,name,st,x,y
145726675_2000,145726675,2000,1955110,Muscatine,Iowa,-91.04259,41.42352
860261544_2000,860261544,2000,1980985,Villisca,Iowa,-94.985083,40.934674
985453414_2000,985453414,2000,1928605,Fort Madison,Iowa,-91.37439,40.62531
144866654_2000,144866654,2000,1959835,Osceola,Iowa,-93.76581,41.03196
983754474_2000,983754474,2000,1956100,New Hampton,Iowa,-92.3174,43.06541
144847001_2000,144847001,2000,1949755,Marshalltown,Iowa,-92.9222,42.05009
145296729_2000,145296729,2000,1973290,Sioux Center,Iowa,-96.17529,43.06939
890648967_2000,890648967,2000,1960465,Ottumwa,Iowa,-92.42025,41.0084
703743955_2000,703743955,2000,1914430,Clinton,Iowa,-90.22168,41.8176
312931108_2000,312931108,2000,1960465,Ottumwa,Iowa,-92.42454,40.99625
416559797_2000,416559797,2000,1913620,Clarion,Iowa,-93.734383,42.720783
003543733_2000,003543733,2000,1939450,Jefferson,Iowa,-94.37832,42.03225
498915032_2000,498915032,2000,1917265,Creston,Iowa,-94.36657,41.04929
145074647_2000,145074647,2000,1925590,Emmetsburg,Iowa,-94.67904,43.11195
145718060_2000,145718060,2000,1955110,Muscatine,Iowa,-91.04305,41.423
407924323_2000,407924323,2000,1909550,Burlington,Iowa,-91.10946,40.79557
509069449_2000,509069449,2000,1907030,Bloomfield,Iowa,-92.42143,40.75074
888860764_2000,888860764,2000,1913080,Cherokee,Iowa,-95.54891,42.74955
450423520_2000,450423520,2000,1911080,Carroll,Iowa,-94.86552,42.06564
145001533_2000,145001533,2000,1950160,Mason City,Iowa,-93.21005,43.15328
145196887_2000,145196887,2000,1917265,Creston,Iowa,-94.362122,41.058488
825677966_2000,825677966,2000,1978285,Tipton,Iowa,-91.1219,41.76655
524712569_2000,524712569,2000,1978510,Toledo,Iowa,-92.57985577834182,41.99567470471652
890647175_2000,890647175,2000,1958665,Ogden,Iowa,-94.02915,42.03883
998680227_2000,998680227,2000,1909550,Burlington,Iowa,-91.12402,40.80215
902102284_2000,902102284,2000,1973290,Sioux Center,Iowa,-96.169738,43.082116
145704078_2000,145704078,2000,1914430,Clinton,Iowa,-90.19979,41.83168
966306573_2000,966306573,2000,1960465,Ottumwa,Iowa,-92.41123,41.01918
843391467_2000,843391467,2000,1928515,Fort Dodge,Iowa,-94.18956,42.50406
843548025_2000,843548025,2000,1960465,Ottumwa,Iowa,-92.4245,41.02494
145450763_2000,145450763,2000,1919405,Decorah,Iowa,-91.78525,43.3041
145634192_2000,145634192,2000,1959925,Oskaloosa,Iowa,-92.65413,41.29825
312487507_2000,312487507,2000,1956505,Newton,Iowa,-93.052661,41.70193
004455432_2000,004455432,2000,1919405,Decorah,Iowa,-91.785775,43.302109
471465682_2000,471465682,2000,1948810,Manchester,Iowa,-91.45639882474319,42.483946165377745
983728338_2000,983728338,2000,1928515,Fort Dodge,Iowa,-94.18562,42.50645
898442785_2000,898442785,2000,1926445,Fairfield,Iowa,-91.96218,41.00802
452616394_2000,452616394,2000,1914430,Clinton,Iowa,-90.20114,41.85923
515214898_2000,515214898,2000,1955110,Muscatine,Iowa,-91.05525,41.43377
402517783_2000,402517783,2000,1924465,Eldora,Iowa,-93.09896,42.36058
402537153_2000,402537153,2000,1903655,Audubon,Iowa,-94.930295,41.722002
931634745_2000,931634745,2000,1983145,Webster City,Iowa,-93.82032,42.46935
492119516_2000,492119516,2000,1901495,Alta,Iowa,-95.304751,42.669934
974029845_2000,974029845,2000,1982740,Waukon,Iowa,-91.49097,43.26992
511920340_2000,511920340,2000,1952095,Milford,Iowa,-95.14899847463084,43.32499294972996
935259739_2000,935259739,2000,1974280,Spencer,Iowa,-95.16731,43.14916
983789819_2000,983789819,2000,1919405,Decorah,Iowa,-91.797566,43.322927
487841025_2000,487841025,2000,1909550,Burlington,Iowa,-91.103973,40.811228
144873494_2000,144873494,2000,1962040,Pella,Iowa,-92.91638,41.40749
843588005_2000,843588005,2000,1917265,Creston,Iowa,-94.37163,41.04977
145291290_2000,145291290,2000,1968205,Rock Valley,Iowa,-96.3022,43.20013
514358688_2000,514358688,2000,1963975,Pocahontas,Iowa,-94.669608,42.735316
145238028_2000,145238028,2000,1959475,Orange City,Iowa,-96.05803,43.00811
307597559_2000,307597559,2000,1982335,Washington,Iowa,-91.69236,41.29974
987763547_2000,987763547,2000,1950160,Mason City,Iowa,-93.213733,43.149617
705176634_2000,705176634,2000,1955110,Muscatine,Iowa,-91.04063665019794,41.4229098122608
145008454_2000,145008454,2000,1950160,Mason City,Iowa,-93.208752,43.156802
509078135_2000,509078135,2000,1983685,West Burlington,Iowa,-91.187137,40.817171
455506378_2000,455506378,2000,1949755,Marshalltown,Iowa,-92.91105,42.04896
402523237_2000,402523237,2000,1942015,Knoxville,Iowa,-93.09703,41.31849
462581273_2000,462581273,2000,1935265,Hawarden,Iowa,-96.48632,42.9945
145289401_2000,145289401,2000,1968160,Rock Rapids,Iowa,-96.16783,43.43192
144860392_2000,144860392,2000,1956505,Newton,Iowa,-93.03504,41.69908
145056404_2000,145056404,2000,1928515,Fort Dodge,Iowa,-94.18259383246033,42.50461283039442
425399615_2000,425399615,2000,1919405,Decorah,Iowa,-91.79796,43.30927
474161924_2000,474161924,2000,1912315,Centerville,Iowa,-92.877039,40.729974
992937698_2000,992937698,2000,1944535,Leon,Iowa,-93.74584,40.74054
145602025_2000,145602025,2000,1960465,Ottumwa,Iowa,-92.42117,41.00738
983768227_2000,983768227,2000,1966405,Remsen,Iowa,-95.97446,42.81456
515150225_2000,515150225,2000,1937560,Humboldt,Iowa,-94.21158,42.72172
145720843_2000,145720843,2000,1955110,Muscatine,Iowa,-91.04424,41.43932
482036381_2000,482036381,2000,1959115,Onawa,Iowa,-96.11247,42.02991
860268325_2000,860268325,2000,1925590,Emmetsburg,Iowa,-94.68512833862684,43.11467289470028
489368225_2000,489368225,2000,1958620,Oelwein,Iowa,-91.91076,42.67355
144828878_2000,144828878,2000,1942015,Knoxville,Iowa,-93.114553,41.316644
407926401_2000,407926401,2000,1909550,Burlington,Iowa,-91.10163,40.80833
959942764_2000,959942764,2000,1955110,Muscatine,Iowa,-91.03542,41.45177
704630458_2000,704630458,2000,1955110,Muscatine,Iowa,-91.02993,41.44573
450156195_2000,450156195,2000,1901135,Algona,Iowa,-94.21214,43.0797
145014494_2000,145014494,2000,1905680,Belmond,Iowa,-93.6159,42.84598
713478253_2000,713478253,2000,1950160,Mason City,Iowa,-93.24018,43.14435
600910368_2000,600910368,2000,1974280,Spencer,Iowa,-95.14588,43.1412
416560076_2000,416560076,2000,1913620,Clarion,Iowa,-93.73286935319629,42.73193665164064
843514084_2000,843514084,2000,1973110,Sigourney,Iowa,-92.19762,41.33651
939051207_2000,939051207,2000,1909550,Burlington,Iowa,-91.12009,40.80004
888863297_2000,888863297,2000,1913080,Cherokee,Iowa,-95.54777,42.75969
509069944_2000,509069944,2000,1940935,Keosauqua,Iowa,-91.96219,40.73064
700247497_2000,700247497,2000,1911080,Carroll,Iowa,-94.843345,42.063017
860053487_2000,860053487,2000,1913080,Cherokee,Iowa,-95.55674,42.74645
890644966_2000,890644966,2000,1955110,Muscatine,Iowa,-91.06892,41.39439
843388398_2000,843388398,2000,1901135,Algona,Iowa,-94.239333,43.074051
425480381_2000,425480381,2000,1928515,Fort Dodge,Iowa,-94.16531889856617,42.505189504979455
987762663_2000,987762663,2000,1950160,Mason City,Iowa,-93.201314,43.150567
825643653_2000,825643653,2000,1909550,Burlington,Iowa,-91.1234,40.83361
896401841_2000,896401841,2000,1942960,Lamoni,Iowa,-93.93342,40.62333
825678543_2000,825678543,2000,1978285,Tipton,Iowa,-91.13638,41.77075
472904390_2000,472904390,2000,1949755,Marshalltown,Iowa,-92.92298057434414,42.06654421560188
510833353_2000,510833353,2000,1940845,Keokuk,Iowa,-91.38655,40.40565
145016010_2000,145016010,2000,1908605,Britt,Iowa,-93.801672,43.097559
976443028_2000,976443028,2000,1926445,Fairfield,Iowa,-91.962322,41.006128
407928241_2000,407928241,2000,1921180,De Witt,Iowa,-90.54373,41.81792
145011110_2000,145011110,2000,1950160,Mason City,Iowa,-93.19829,43.15293
179639869_2000,179639869,2000,1974280,Spencer,Iowa,-95.15743,43.127
308203934_2000,308203934,2000,1962040,Pella,Iowa,-92.90179,41.39744
145153052_2000,145153052,2000,1958620,Oelwein,Iowa,-91.90266051845566,42.67841151700674
145000691_2000,145000691,2000,1950160,Mason City,Iowa,-93.20164,43.13319
843341405_2000,843341405,2000,1958665,Ogden,Iowa,-94.03002,42.03895
145030169_2000,145030169,2000,1933960,Hampton,Iowa,-93.217871,42.741622
515124055_2000,515124055,2000,1949755,Marshalltown,Iowa,-92.91059,42.04798
947297289_2000,947297289,2000,1914025,Clear Lake,Iowa,-93.41065,43.1401
463607218_2000,463607218,2000,1944400,Le Mars,Iowa,-96.17287,42.78785
843456302_2000,843456302,2000,1933960,Hampton,Iowa,-93.20734,42.74126
932809072_2000,932809072,2000,1959745,Osage,Iowa,-92.81249,43.28438
402516009_2000,402516009,2000,1926445,Fairfield,Iowa,-91.96592,41.00892
505126920_2000,505126920,2000,1954705,Mount Pleasant,Iowa,-91.532519,40.963345
145098299_2000,145098299,2000,1975630,Storm Lake,Iowa,-95.18159,42.63414
402518922_2000,402518922,2000,1928380,Forest City,Iowa,-93.63774,43.26582
966243768_2000,966243768,2000,1949755,Marshalltown,Iowa,-92.91939,42.02983
145708012_2000,145708012,2000,1914430,Clinton,Iowa,-90.185453999999993,41.856459
402533848_2000,402533848,2000,1972390,Sheldon,Iowa,-95.851612,43.181436
145106001_2000,145106001,2000,1983145,Webster City,Iowa,-93.82173,42.46778
425389541_2000,425389541,2000,1948810,Manchester,Iowa,-91.45677,42.48456
947078341_2000,947078341,2000,1909550,Burlington,Iowa,-91.15401,40.80283
145006870_2000,145006870,2000,1950160,Mason City,Iowa,-93.20098308112796,43.15460907665778
978247757_2000,978247757,2000,1941385,Kingsley,Iowa,-95.962223,42.591937
145003810_2000,145003810,2000,1950160,Mason City,Iowa,-93.22175,43.15072
413977752_2000,413977752,2000,1954705,Mount Pleasant,Iowa,-91.55437,40.96678
860053339_2000,860053339,2000,1913080,Cherokee,Iowa,-95.5513,42.7583
895140507_2000,895140507,2000,1917265,Creston,Iowa,-94.36457,41.05845
144838992_2000,144838992,2000,1949755,Marshalltown,Iowa,-92.90803,42.0622
711135012_2000,711135012,2000,1928515,Fort Dodge,Iowa,-94.18677,42.50738
978232635_2000,978232635,2000,1907480,Boone,Iowa,-93.88344,42.06106
425469475_2000,425469475,2000,1955110,Muscatine,Iowa,-91.06197200494353,41.41008551754487
965885569_2000,965885569,2000,1911080,Carroll,Iowa,-94.876068,42.069697
825492556_2000,825492556,2000,1954705,Mount Pleasant,Iowa,-91.53662430642748,40.96381676012163
496987785_2000,496987785,2000,1982335,Washington,Iowa,-91.687971,41.288597
995721685_2000,995721685,2000,1968160,Rock Rapids,Iowa,-96.160451,43.432032
425493533_2000,425493533,2000,1900910,Albia,Iowa,-92.807077,41.027251
896403680_2000,896403680,2000,1912720,Chariton,Iowa,-93.30825,41.01876
495413304_2000,495413304,2000,1928515,Fort Dodge,Iowa,-94.15701,42.50627
316994748_2000,316994748,2000,1977115,Tama,Iowa,-92.62818482287156,41.994916497912186
448835454_2000,448835454,2000,1919945,Denison,Iowa,-95.34956,42.01654
145651170_2000,145651170,2000,1909550,Burlington,Iowa,-91.10468,40.82367
145547519_2000,145547519,2000,1982335,Washington,Iowa,-91.691307,41.29875
304260490_2000,304260490,2000,1959835,Osceola,Iowa,-93.76939,41.03613
445783129_2000,445783129,2000,1966135,Red Oak,Iowa,-95.235361,41.009044
951337427_2000,951337427,2000,1919945,Denison,Iowa,-95.35104,42.01244
145369575_2000,145369575,2000,1934500,Harlan,Iowa,-95.33899,41.65098
620957118_2000,620957118,2000,1949215,Maquoketa,Iowa,-90.665452,42.069314
145048427_2000,145048427,2000,1928515,Fort Dodge,Iowa,-94.18998,42.50363
860229749_2000,860229749,2000,1975630,Storm Lake,Iowa,-95.18618,42.64724
904019775_2000,904019775,2000,1933150,Griswold,Iowa,-95.14199,41.23481
983694514_2000,983694514,2000,1933105,Grinnell,Iowa,-92.72776,41.73961
145305207_2000,145305207,2000,1925860,Estherville,Iowa,-94.83009,43.41346
489366047_2000,489366047,2000,1934500,Harlan,Iowa,-95.32749,41.65406
909512980_2000,909512980,2000,1938640,Iowa Falls,Iowa,-93.26290732090166,42.520606771944244
492124052_2000,492124052,2000,1923115,Dyersville,Iowa,-91.130283,42.48897
491044236_2000,491044236,2000,1959925,Oskaloosa,Iowa,-92.645136,41.295803
843637570_2000,843637570,2000,1900910,Albia,Iowa,-92.7944,41.02207
407924877_2000,407924877,2000,1928605,Fort Madison,Iowa,-91.32605,40.63447
145291829_2000,145291829,2000,1970410,Sanborn,Iowa,-95.660178,43.186987
407917889_2000,407917889,2000,1948810,Manchester,Iowa,-91.47731,42.4832
937414183_2000,937414183,2000,1912315,Centerville,Iowa,-92.876143,40.735095
945189884_2000,945189884,2000,1978285,Tipton,Iowa,-91.12882,41.77029
145381372_2000,145381372,2000,1966135,Red Oak,Iowa,-95.22505,41.00966
144873551_2000,144873551,2000,1962040,Pella,Iowa,-92.92389,41.40807
452616808_2000,452616808,2000,1914430,Clinton,Iowa,-90.20114,41.85923
985428929_2000,985428929,2000,1914025,Clear Lake,Iowa,-93.381877,43.143575
145139911_2000,145139911,2000,1938100,Independence,Iowa,-91.9002,42.46398
974536781_2000,974536781,2000,1948945,Manning,Iowa,-95.06524,41.90892
951300375_2000,951300375,2000,1939450,Jefferson,Iowa,-94.379754,41.999592
145606539_2000,145606539,2000,1960465,Ottumwa,Iowa,-92.40925,41.0329
825640691_2000,825640691,2000,1909550,Burlington,Iowa,-91.13803,40.80794
145668026_2000,145668026,2000,1940845,Keokuk,Iowa,-91.38417,40.39147
145090486_2000,145090486,2000,1963975,Pocahontas,Iowa,-94.66974,42.73549
145299855_2000,145299855,2000,1974280,Spencer,Iowa,-95.1471,43.15654
960242485_2000,960242485,2000,1909550,Burlington,Iowa,-91.10152878084199,40.80980641421348
145604997_2000,145604997,2000,1960465,Ottumwa,Iowa,-92.41802,41.02201
860186659_2000,860186659,2000,1944400,Le Mars,Iowa,-96.173889,42.789206
425395563_2000,425395563,2000,1933105,Grinnell,Iowa,-92.738409,41.743715
145641437_2000,145641437,2000,1973110,Sigourney,Iowa,-92.20609,41.34488
825576614_2000,825576614,2000,1982740,Waukon,Iowa,-91.48301,43.27514
825579832_2000,825579832,2000,1976260,Sumner,Iowa,-92.09876,42.84736
939712659_2000,939712659,2000,1905635,Bellevue,Iowa,-90.42222,42.25271
843533233_2000,843533233,2000,1959925,Oskaloosa,Iowa,-92.64294,41.29461
145023719_2000,145023719,2000,1928380,Forest City,Iowa,-93.63728,43.26453
464994987_2000,464994987,2000,1911080,Carroll,Iowa,-94.87004,42.06678
506718451_2000,506718451,2000,1938010,Ida Grove,Iowa,-95.46836,42.34265
145165239_2000,145165239,2000,1982875,Waverly,Iowa,-92.46604,42.72472
145007639_2000,145007639,2000,1950160,Mason City,Iowa,-93.204666,43.145767
510255763_2000,510255763,2000,1909550,Burlington,Iowa,-91.108569,40.823339
145100871_2000,145100871,2000,1975630,Storm Lake,Iowa,-95.20237,42.64434
145336988_2000,145336988,2000,1948945,Manning,Iowa,-95.06309,41.90054
860183938_2000,860183938,2000,1913575,Clarinda,Iowa,-95.04231,40.72869
145682092_2000,145682092,2000,1983685,West Burlington,Iowa,-91.163126,40.820625
983806142_2000,983806142,2000,1959925,Oskaloosa,Iowa,-92.65823,41.29556
145073623_2000,145073623,2000,1923250,Eagle Grove,Iowa,-93.90749,42.67336
979589090_2000,979589090,2000,1955695,Nevada,Iowa,-93.44372,42.00495
485050587_2000,485050587,2000,1954705,Mount Pleasant,Iowa,-91.55102,40.96219
306303157_2000,306303157,2000,1962040,Pella,Iowa,-92.96840475189197,41.423752424518284
474136710_2000,474136710,2000,1950160,Mason City,Iowa,-93.22434,43.14666
487837130_2000,487837130,2000,1959475,Orange City,Iowa,-96.05672,43.00529
402538946_2000,402538946,2000,1973290,Sioux Center,Iowa,-96.17728,43.05773
489370072_2000,489370072,2000,1956100,New Hampton,Iowa,-92.31542,43.05826
895138980_2000,895138980,2000,1978285,Tipton,Iowa,-91.12847230993941,41.767755760791204
860106137_2000,860106137,2000,1973425,Sioux Rapids,Iowa,-95.147619,42.891328
713691194_2000,713691194,2000,1940845,Keokuk,Iowa,-91.42111,40.41272
145022083_2000,145022083,2000,1914025,Clear Lake,Iowa,-93.35991,43.13485
974534067_2000,974534067,2000,1972390,Sheldon,Iowa,-95.838083,43.182276
145070496_2000,145070496,2000,1913620,Clarion,Iowa,-93.73287,42.73458
505122515_2000,505122515,2000,1926445,Fairfield,Iowa,-91.96436,41.00635
471464826_2000,471464826,2000,1923115,Dyersville,Iowa,-91.09805,42.46794
145439931_2000,145439931,2000,1948810,Manchester,Iowa,-91.458092,42.485799
145038741_2000,145038741,2000,1959745,Osage,Iowa,-92.81331,43.28374
445783244_2000,445783244,2000,1972525,Shenandoah,Iowa,-95.36954,40.76419
458378783_2000,458378783,2000,1914025,Clear Lake,Iowa,-93.38893,43.14214
968007336_2000,968007336,2000,1925860,Estherville,Iowa,-94.83684,43.40365
002991313_2000,002991313,2000,1955695,Nevada,Iowa,-93.45323,42.02205
512425216_2000,512425216,2000,1933195,Grundy Center,Iowa,-92.77448,42.36121
843623786_2000,843623786,2000,1924465,Eldora,Iowa,-93.10173,42.36089
145429437_2000,145429437,2000,1923115,Dyersville,Iowa,-91.13358,42.48307
951337278_2000,951337278,2000,1919945,Denison,Iowa,-95.3617,42.01976
843595364_2000,843595364,2000,1956505,Newton,Iowa,-93.05241,41.69876
145665386_2000,145665386,2000,1940845,Keokuk,Iowa,-91.39888,40.41623
892470121_2000,892470121,2000,1974280,Spencer,Iowa,-95.14494,43.13799
145290607_2000,145290607,2000,1968205,Rock Valley,Iowa,-96.295012,43.205519
462570102_2000,462570102,2000,1905365,Bedford,Iowa,-94.72387,40.67075
145080503_2000,145080503,2000,1937560,Humboldt,Iowa,-94.21931,42.7219
145290490_2000,145290490,2000,1968205,Rock Valley,Iowa,-96.3060812716501,43.19989970548909
454001785_2000,454001785,2000,1937560,Humboldt,Iowa,-94.21805,42.7209
843477969_2000,843477969,2000,1978510,Toledo,Iowa,-92.58023,41.99529
892477894_2000,892477894,2000,1928515,Fort Dodge,Iowa,-94.159043,42.488686
469471569_2000,469471569,2000,1968295,Rockwell City,Iowa,-94.63418,42.39519
145025607_2000,145025607,2000,1928380,Forest City,Iowa,-93.63847,43.26138
145661112_2000,145661112,2000,1928605,Fort Madison,Iowa,-91.3382163220968,40.63129070964942
145099354_2000,145099354,2000,1975630,Storm Lake,Iowa,-95.18607,42.64132
402539795_2000,402539795,2000,1934500,Harlan,Iowa,-95.32728,41.64685
145069704_2000,145069704,2000,1913620,Clarion,Iowa,-93.73294,42.73196
843582776_2000,843582776,2000,1912720,Chariton,Iowa,-93.29175,41.00533
825366057_2000,825366057,2000,1958620,Oelwein,Iowa,-91.91317,42.67873
444032056_2000,444032056,2000,1944490,Lenox,Iowa,-94.5592,40.88184
709031314_2000,709031314,2000,1958620,Oelwein,Iowa,-91.91022,42.67843
402483275_2000,402483275,2000,1961590,Parkersburg,Iowa,-92.781089,42.575476
145200705_2000,145200705,2000,1917265,Creston,Iowa,-94.36019,41.05903
825621352_2000,825621352,2000,1921180,De Witt,Iowa,-90.53303,41.82619
860230911_2000,860230911,2000,1975630,Storm Lake,Iowa,-95.19957,42.64408
145437984_2000,145437984,2000,1948810,Manchester,Iowa,-91.45682,42.48387
472907898_2000,472907898,2000,1982335,Washington,Iowa,-91.691434,41.298311
705268829_2000,705268829,2000,1909550,Burlington,Iowa,-91.107396,40.786116
906811674_2000,906811674,2000,1914430,Clinton,Iowa,-90.187415,41.850992
402537013_2000,402537013,2000,1903655,Audubon,Iowa,-94.930295,41.722002
145616660_2000,145616660,2000,1907030,Bloomfield,Iowa,-92.422772,40.752215
455508846_2000,455508846,2000,1960465,Ottumwa,Iowa,-92.43372,41.00568
989983481_2000,989983481,2000,1956505,Newton,Iowa,-93.05633,41.6996
964285100_2000,964285100,2000,1949755,Marshalltown,Iowa,-92.917981,42.043639
492121082_2000,492121082,2000,1901135,Algona,Iowa,-94.23734,43.06996
510833213_2000,510833213,2000,1940845,Keokuk,Iowa,-91.388205,40.40688
902534601_2000,902534601,2000,1956100,New Hampton,Iowa,-92.315562,43.059213
992670364_2000,992670364,2000,1959925,Oskaloosa,Iowa,-92.63883,41.28644
489373688_2000,489373688,2000,1928605,Fort Madison,Iowa,-91.32979,40.63049
145283313_2000,145283313,2000,1972390,Sheldon,Iowa,-95.853279,43.180632
983800475_2000,983800475,2000,1960465,Ottumwa,Iowa,-92.38981,41.02763
145675757_2000,145675757,2000,1954705,Mount Pleasant,Iowa,-91.5411,40.96456
145238457_2000,145238457,2000,1959475,Orange City,Iowa,-96.05694,43.00684
960223865_2000,960223865,2000,1924690,Elkader,Iowa,-91.40256781606217,42.85528002317585
600909816_2000,600909816,2000,1974280,Spencer,Iowa,-95.14808,43.15075
144797297_2000,144797297,2000,1916635,Corydon,Iowa,-93.318221,40.763293
843462466_2000,843462466,2000,1954480,Mount Ayr,Iowa,-94.238936,40.714668
145698213_2000,145698213,2000,1914430,Clinton,Iowa,-90.19341,41.83769
987763844_2000,987763844,2000,1950160,Mason City,Iowa,-93.18308,43.16793
145300901_2000,145300901,2000,1974280,Spencer,Iowa,-95.13990371684218,43.126245256780635
425408416_2000,425408416,2000,1939450,Jefferson,Iowa,-94.37479,42.01739
145290284_2000,145290284,2000,1968160,Rock Rapids,Iowa,-96.17556,43.42438
992654558_2000,992654558,2000,1925860,Estherville,Iowa,-94.81262,43.40014
145099990_2000,145099990,2000,1975630,Storm Lake,Iowa,-95.20899,42.6472
450155932_2000,450155932,2000,1949755,Marshalltown,Iowa,-92.9142,42.04661
702438235_2000,702438235,2000,1949755,Marshalltown,Iowa,-92.91474,42.05065
407910645_2000,407910645,2000,1956100,New Hampton,Iowa,-92.3211,43.07137
967994609_2000,967994609,2000,1928515,Fort Dodge,Iowa,-94.17788,42.51516
468255161_2000,468255161,2000,1933195,Grundy Center,Iowa,-92.76327588502744,42.35867486468874
510758832_2000,510758832,2000,1942555,Lake Mills,Iowa,-93.53544,43.42023
985431246_2000,985431246,2000,1914025,Clear Lake,Iowa,-93.367409,43.130843
474137486_2000,474137486,2000,1929955,Garner,Iowa,-93.601856,43.097292
825677396_2000,825677396,2000,1978285,Tipton,Iowa,-91.12882,41.76954
706968989_2000,706968989,2000,1983685,West Burlington,Iowa,-91.15756,40.8101
402529218_2000,402529218,2000,1972525,Shenandoah,Iowa,-95.371493,40.765001
485063325_2000,485063325,2000,1983145,Webster City,Iowa,-93.817109,42.466678
145709705_2000,145709705,2000,1921180,De Witt,Iowa,-90.53931,41.82534
144859360_2000,144859360,2000,1956505,Newton,Iowa,-93.04907,41.70246
513645036_2000,513645036,2000,1928515,Fort Dodge,Iowa,-94.16472,42.49583
145241501_2000,145241501,2000,1961905,Paullina,Iowa,-95.69213,42.984155
935261677_2000,935261677,2000,1955110,Muscatine,Iowa,-91.04168266714487,41.432248618797985
466790185_2000,466790185,2000,1938100,Independence,Iowa,-91.89335,42.46913
425496262_2000,425496262,2000,1960465,Ottumwa,Iowa,-92.4259,41.02447
890649122_2000,890649122,2000,1960465,Ottumwa,Iowa,-92.38981,41.02763
145450581_2000,145450581,2000,1919405,Decorah,Iowa,-91.79112,43.29468
440088128_2000,440088128,2000,1956505,Newton,Iowa,-93.05917,41.69164
425473451_2000,425473451,2000,1982335,Washington,Iowa,-91.723177,41.31117
960225472_2000,960225472,2000,1933465,Guttenberg,Iowa,-91.106298,42.790139
707317780_2000,707317780,2000,1950160,Mason City,Iowa,-93.237177,43.148547
843547852_2000,843547852,2000,1960465,Ottumwa,Iowa,-92.407975,41.060412
144845906_2000,144845906,2000,1949755,Marshalltown,Iowa,-92.94616,42.04206
843618901_2000,843618901,2000,1938640,Iowa Falls,Iowa,-93.32526334983373,42.41532346083869
825486475_2000,825486475,2000,1919405,Decorah,Iowa,-91.78624,43.30411
492116553_2000,492116553,2000,1913080,Cherokee,Iowa,-95.571966,42.757308
493596860_2000,493596860,2000,1949755,Marshalltown,Iowa,-92.91849,42.01953
416569408_2000,416569408,2000,1938010,Ida Grove,Iowa,-95.46836,42.34267
886710078_2000,886710078,2000,1940845,Keokuk,Iowa,-91.41503,40.38985
843555954_2000,843555954,2000,1975675,Story City,Iowa,-93.59179,42.18732
944010099_2000,944010099,2000,1913620,Clarion,Iowa,-93.73599,42.73439
145456489_2000,145456489,2000,1917220,Cresco,Iowa,-92.1166,43.37291
998321186_2000,998321186,2000,1907480,Boone,Iowa,-93.87685,42.06391
509062394_2000,509062394,2000,1984765,West Union,Iowa,-91.814405,42.962198
425359569_2000,425359569,2000,1949755,Marshalltown,Iowa,-92.91340409930132,42.04911463910901
950906529_2000,950906529,2000,1955110,Muscatine,Iowa,-91.03075,41.449306
145283487_2000,145283487,2000,1972390,Sheldon,Iowa,-95.853774,43.180349
962056792_2000,962056792,2000,1940845,Keokuk,Iowa,-91.38215,40.3966
145662904_2000,145662904,2000,1928605,Fort Madison,Iowa,-91.32402,40.62665
177848405_2000,177848405,2000,1911080,Carroll,Iowa,-94.86943,42.06804
959941311_2000,959941311,2000,1959745,Osage,Iowa,-92.812554,43.284035
425473618_2000,425473618,2000,1982335,Washington,Iowa,-91.69283,41.29822
145281085_2000,145281085,2000,1972390,Sheldon,Iowa,-95.8538,43.18302
515181758_2000,515181758,2000,1948810,Manchester,Iowa,-91.46005046411648,42.483921213184374
495413155_2000,495413155,2000,1928515,Fort Dodge,Iowa,-94.20064,42.51865
951303981_2000,951303981,2000,1942015,Knoxville,Iowa,-93.10739,41.32536
407917228_2000,407917228,2000,1923115,Dyersville,Iowa,-91.1186,42.48684
492120944_2000,492120944,2000,1937560,Humboldt,Iowa,-94.22659,42.73141
145653523_2000,145653523,2000,1909550,Burlington,Iowa,-91.10534,40.81065
958027807_2000,958027807,2000,1907480,Boone,Iowa,-93.88119,42.06263
425427192_2000,425427192,2000,1939450,Jefferson,Iowa,-94.373356,42.016182
970103867_2000,970103867,2000,1914025,Clear Lake,Iowa,-93.36439,43.138958
971093539_2000,971093539,2000,1956505,Newton,Iowa,-93.04729,41.70056
985434356_2000,985434356,2000,1925590,Emmetsburg,Iowa,-94.67762,43.11333
425432176_2000,425432176,2000,1959115,Onawa,Iowa,-96.09731,42.02895
489373142_2000,489373142,2000,1928605,Fort Madison,Iowa,-91.31396,40.63032
843638933_2000,843638933,2000,1900910,Albia,Iowa,-92.80632,41.02801
001290196_2000,001290196,2000,1921180,De Witt,Iowa,-90.547355,41.825887
425327350_2000,425327350,2000,1940845,Keokuk,Iowa,-91.39581,40.40828
316803964_2000,316803964,2000,1939450,Jefferson,Iowa,-94.3733,42.01696
860145200_2000,860145200,2000,1925860,Estherville,Iowa,-94.80819,43.39914
145323150_2000,145323150,2000,1911080,Carroll,Iowa,-94.84934,42.06482
600912612_2000,600912612,2000,1975630,Storm Lake,Iowa,-95.20071,42.64362
145052338_2000,145052338,2000,1928515,Fort Dodge,Iowa,-94.18548,42.5032
906826862_2000,906826862,2000,1923115,Dyersville,Iowa,-91.11724,42.47063
469475750_2000,469475750,2000,1914430,Clinton,Iowa,-90.20114,41.85923
960242287_2000,960242287,2000,1909550,Burlington,Iowa,-91.12058,40.81976
478182660_2000,478182660,2000,1986070,Wilton,Iowa,-91.01723,41.58889
492116496_2000,492116496,2000,1913080,Cherokee,Iowa,-95.55623,42.74983
964286421_2000,964286421,2000,1909550,Burlington,Iowa,-91.141142,40.805217
967995200_2000,967995200,2000,1928515,Fort Dodge,Iowa,-94.192493,42.489263
949465496_2000,949465496,2000,1937515,Hull,Iowa,-96.12988,43.19431
145295572_2000,145295572,2000,1973290,Sioux Center,Iowa,-96.17576,43.08004
145390092_2000,145390092,2000,1972525,Shenandoah,Iowa,-95.37761,40.76747
492112636_2000,492112636,2000,1949215,Maquoketa,Iowa,-90.66514,42.07003
712263805_2000,712263805,2000,1982875,Waverly,Iowa,-92.502571,42.730165
474153756_2000,474153756,2000,1925860,Estherville,Iowa,-94.8412,43.4029
145636411_2000,145636411,2000,1959925,Oskaloosa,Iowa,-92.64437,41.28896
860156348_2000,860156348,2000,1933780,Hamburg,Iowa,-95.65294,40.61035
144818994_2000,144818994,2000,1938640,Iowa Falls,Iowa,-93.26793,42.52398
950906388_2000,950906388,2000,1909550,Burlington,Iowa,-91.14105393638306,40.822417073875044
145722492_2000,145722492,2000,1955110,Muscatine,Iowa,-91.104433,41.38596
425390473_2000,425390473,2000,1950160,Mason City,Iowa,-93.22943,43.14808
966302127_2000,966302127,2000,1982335,Washington,Iowa,-91.68973,41.29807
145153029_2000,145153029,2000,1958620,Oelwein,Iowa,-91.91299,42.67747
145140166_2000,145140166,2000,1938100,Independence,Iowa,-91.8962,42.46861
860192954_2000,860192954,2000,1903655,Audubon,Iowa,-94.93157,41.72108
145125902_2000,145125902,2000,1912765,Charles City,Iowa,-92.676626,43.070581
983696469_2000,983696469,2000,1938640,Iowa Falls,Iowa,-93.260758,42.505403
992989103_2000,992989103,2000,1905680,Belmond,Iowa,-93.61675600578354,42.847863985180425
860082478_2000,860082478,2000,1974280,Spencer,Iowa,-95.14398,43.13294
145371928_2000,145371928,2000,1934500,Harlan,Iowa,-95.31983,41.65412
487841165_2000,487841165,2000,1909550,Burlington,Iowa,-91.13266484334486,40.8393476451281
145048773_2000,145048773,2000,1928515,Fort Dodge,Iowa,-94.14876391142832,42.51942198032634
843519117_2000,843519117,2000,1962040,Pella,Iowa,-92.92395361081805,41.36235313138394
505095166_2000,505095166,2000,1939450,Jefferson,Iowa,-94.37748361275965,42.02047453875906
145383493_2000,145383493,2000,1966135,Red Oak,Iowa,-95.21611,41.01815
962044061_2000,962044061,2000,1928605,Fort Madison,Iowa,-91.36086,40.62613
412096182_2000,412096182,2000,1911305,Cascade,Iowa,-91.01753,42.29875
482039088_2000,482039088,2000,1973290,Sioux Center,Iowa,-96.180539,43.084197
937416980_2000,937416980,2000,1928515,Fort Dodge,Iowa,-94.17782,42.50641
900099425_2000,900099425,2000,1919945,Denison,Iowa,-95.354764,42.016683
460985542_2000,460985542,2000,1915060,Colfax,Iowa,-93.231729,41.668762
825639115_2000,825639115,2000,1983685,West Burlington,Iowa,-91.176306,40.811586
145136131_2000,145136131,2000,1932745,Greene,Iowa,-92.80336,42.8966
983716895_2000,983716895,2000,1975675,Story City,Iowa,-93.595781,42.186558
145315768_2000,145315768,2000,1974415,Spirit Lake,Iowa,-95.10245,43.42312
145437778_2000,145437778,2000,1948810,Manchester,Iowa,-91.45737,42.48498
480667138_2000,480667138,2000,1944535,Leon,Iowa,-93.74809166175038,40.73867242468913
711143313_2000,711143313,2000,1940845,Keokuk,Iowa,-91.38976031820698,40.39187619807518
471458356_2000,471458356,2000,1938640,Iowa Falls,Iowa,-93.26754,42.51971
983816257_2000,983816257,2000,1914430,Clinton,Iowa,-90.18941,41.84134
515162006_2000,515162006,2000,1975630,Storm Lake,Iowa,-95.20216,42.64521
949464002_2000,949464002,2000,1972390,Sheldon,Iowa,-95.84455,43.1881
843451931_2000,843451931,2000,1944535,Leon,Iowa,-93.74753,40.73957
144828688_2000,144828688,2000,1942015,Knoxville,Iowa,-93.09884,41.31762
145009254_2000,145009254,2000,1950160,Mason City,Iowa,-93.20664,43.16825
306308263_2000,306308263,2000,1944400,Le Mars,Iowa,-96.1727,42.77369
145387676_2000,145387676,2000,1972525,Shenandoah,Iowa,-95.3616,40.76525
983804469_2000,983804469,2000,1912315,Centerville,Iowa,-92.87512822656265,40.7334977329632
600913818_2000,600913818,2000,1975630,Storm Lake,Iowa,-95.18607,42.64132
308215086_2000,308215086,2000,1914430,Clinton,Iowa,-90.19312,41.84805
825474158_2000,825474158,2000,1928605,Fort Madison,Iowa,-91.3108,40.63018
510758790_2000,510758790,2000,1942555,Lake Mills,Iowa,-93.524884,43.419138
425320827_2000,425320827,2000,1960465,Ottumwa,Iowa,-92.38981,41.02763
825576796_2000,825576796,2000,1982740,Waukon,Iowa,-91.475462,43.270151
482039112_2000,482039112,2000,1973290,Sioux Center,Iowa,-96.17707381579169,43.07858165346414
145095790_2000,145095790,2000,1969645,Sac City,Iowa,-94.973693,42.422119
425438751_2000,425438751,2000,1940845,Keokuk,Iowa,-91.40828,40.42027
987763810_2000,987763810,2000,1950160,Mason City,Iowa,-93.22483,43.14666
992937755_2000,992937755,2000,1944535,Leon,Iowa,-93.7477,40.74675
825612336_2000,825612336,2000,1949215,Maquoketa,Iowa,-90.67437,42.06931
002508166_2000,002508166,2000,1982875,Waverly,Iowa,-92.47695,42.70994
145064440_2000,145064440,2000,1901135,Algona,Iowa,-94.21638,43.07099
466797230_2000,466797230,2000,1909550,Burlington,Iowa,-91.11384,40.82961
513645515_2000,513645515,2000,1928515,Fort Dodge,Iowa,-94.14853,42.49136
425436938_2000,425436938,2000,1966135,Red Oak,Iowa,-95.22777,41.0098
843479643_2000,843479643,2000,1978510,Toledo,Iowa,-92.578,41.99651
402487359_2000,402487359,2000,1954705,Mount Pleasant,Iowa,-91.554517,40.980634
843391871_2000,843391871,2000,1916500,Corning,Iowa,-94.734309,40.98817
145674032_2000,145674032,2000,1954705,Mount Pleasant,Iowa,-91.54046,40.97388
909508848_2000,909508848,2000,1975630,Storm Lake,Iowa,-95.2076,42.64337
904017654_2000,904017654,2000,1933105,Grinnell,Iowa,-92.7253,41.74431
472908375_2000,472908375,2000,1982335,Washington,Iowa,-91.69233,41.2967
843585282_2000,843585282,2000,1917265,Creston,Iowa,-94.36658,41.07113
145299202_2000,145299202,2000,1974280,Spencer,Iowa,-95.14496,43.1402
469470694_2000,469470694,2000,1955695,Nevada,Iowa,-93.44867,42.02072
515134252_2000,515134252,2000,1959835,Osceola,Iowa,-93.763,41.05528
145720371_2000,145720371,2000,1955110,Muscatine,Iowa,-91.04088,41.43242
145536660_2000,145536660,2000,1977115,Tama,Iowa,-92.57717,41.96481
843478686_2000,843478686,2000,1977115,Tama,Iowa,-92.55827,41.96434
145106381_2000,145106381,2000,1983145,Webster City,Iowa,-93.822185,42.469544
145153284_2000,145153284,2000,1958620,Oelwein,Iowa,-91.9133209025976,42.676539353150474
491046835_2000,491046835,2000,1914430,Clinton,Iowa,-90.20872,41.87585
004553285_2000,004553285,2000,1924465,Eldora,Iowa,-93.109135,42.355131
906813589_2000,906813589,2000,1914430,Clinton,Iowa,-90.2394,41.8155
520936972_2000,520936972,2000,1950160,Mason City,Iowa,-93.21655,43.14856
843393513_2000,843393513,2000,1957630,Northwood,Iowa,-93.21774,43.44462
505095943_2000,505095943,2000,1932745,Greene,Iowa,-92.80167,42.89658
510829328_2000,510829328,2000,1928605,Fort Madison,Iowa,-91.33389,40.62952
416564359_2000,416564359,2000,1980985,Villisca,Iowa,-94.97735,40.92836
843522368_2000,843522368,2000,1956460,New Sharon,Iowa,-92.65218,41.46901
966244766_2000,966244766,2000,1959835,Osceola,Iowa,-93.769575,41.040616
145324018_2000,145324018,2000,1911080,Carroll,Iowa,-94.878395,42.074456
485051155_2000,485051155,2000,1954705,Mount Pleasant,Iowa,-91.55296066476029,40.96762546233373
509033601_2000,509033601,2000,1913620,Clarion,Iowa,-93.73188,42.73525
843524620_2000,843524620,2000,1938640,Iowa Falls,Iowa,-93.269028,42.511991
983789421_2000,983789421,2000,1919405,Decorah,Iowa,-91.784982,43.30576
974534174_2000,974534174,2000,1972390,Sheldon,Iowa,-95.85646683171751,43.18007167567765
995539137_2000,995539137,2000,1983145,Webster City,Iowa,-93.848,42.46931
145650222_2000,145650222,2000,1909550,Burlington,Iowa,-91.10451,40.804881
425362837_2000,425362837,2000,1903655,Audubon,Iowa,-94.93079,41.7209
896401478_2000,896401478,2000,1942960,Lamoni,Iowa,-93.93314,40.62326
983716903_2000,983716903,2000,1975675,Story City,Iowa,-93.57464,42.18435
896404217_2000,896404217,2000,1962040,Pella,Iowa,-92.920221,41.408192
145468732_2000,145468732,2000,1982740,Waukon,Iowa,-91.47614,43.26804
513644666_2000,513644666,2000,1928515,Fort Dodge,Iowa,-94.1908,42.51628
474152865_2000,474152865,2000,1974280,Spencer,Iowa,-95.14553,43.1403
515165983_2000,515165983,2000,1924465,Eldora,Iowa,-93.0997,42.35937
145662391_2000,145662391,2000,1928605,Fort Madison,Iowa,-91.32666,40.63098
463620245_2000,463620245,2000,1954705,Mount Pleasant,Iowa,-91.54457,40.98046
144805819_2000,144805819,2000,1933105,Grinnell,Iowa,-92.723997,41.744895
860133347_2000,860133347,2000,1963975,Pocahontas,Iowa,-94.669241,42.73288
493595961_2000,493595961,2000,1949755,Marshalltown,Iowa,-92.909775,42.015718
843541673_2000,843541673,2000,1960465,Ottumwa,Iowa,-92.41445,41.03817
144792967_2000,144792967,2000,1912720,Chariton,Iowa,-93.30842,41.01836
520936055_2000,520936055,2000,1950160,Mason City,Iowa,-93.22157,43.14674
983804105_2000,983804105,2000,1912315,Centerville,Iowa,-92.87512,40.73446
709185342_2000,709185342,2000,1926445,Fairfield,Iowa,-91.964152,41.006524
471459081_2000,471459081,2000,1959835,Osceola,Iowa,-93.76654,41.03497
305771750_2000,305771750,2000,1978285,Tipton,Iowa,-91.128812,41.777832
929418853_2000,929418853,2000,1909550,Burlington,Iowa,-91.14161805872914,40.81360018031296
843575911_2000,843575911,2000,1949755,Marshalltown,Iowa,-92.912702,42.049067
472910256_2000,472910256,2000,1973110,Sigourney,Iowa,-92.19912,41.33485
145198586_2000,145198586,2000,1917265,Creston,Iowa,-94.35161,41.04853
462580457_2000,462580457,2000,1962040,Pella,Iowa,-92.93291,41.40745
909515884_2000,909515884,2000,1901135,Algona,Iowa,-94.21786,43.07509
145319851_2000,145319851,2000,1911080,Carroll,Iowa,-94.87062,42.074818
983712217_2000,983712217,2000,1958665,Ogden,Iowa,-94.02526,42.04239
145281804_2000,145281804,2000,1972390,Sheldon,Iowa,-95.858717,43.174421
843461997_2000,843461997,2000,1954480,Mount Ayr,Iowa,-94.237446,40.713855
144840022_2000,144840022,2000,1949755,Marshalltown,Iowa,-92.91566,42.05028
003137387_2000,003137387,2000,1960465,Ottumwa,Iowa,-92.43675,41.01664
145331930_2000,145331930,2000,1938010,Ida Grove,Iowa,-95.46885,42.34018
145014635_2000,145014635,2000,1905680,Belmond,Iowa,-93.61448,42.84466
145451977_2000,145451977,2000,1919405,Decorah,Iowa,-91.79257,43.30241
995701612_2000,995701612,2000,1916050,Coon Rapids,Iowa,-94.67761,41.871339999999996
425430865_2000,425430865,2000,1955695,Nevada,Iowa,-93.45356,42.02192
425407038_2000,425407038,2000,1949395,Marengo,Iowa,-92.07028,41.79885
145107025_2000,145107025,2000,1983145,Webster City,Iowa,-93.82281,42.46936
145009387_2000,145009387,2000,1950160,Mason City,Iowa,-93.20094381711448,43.15679609518139
825575582_2000,825575582,2000,1982740,Waukon,Iowa,-91.48867,43.26935
825363575_2000,825363575,2000,1913755,Clarksville,Iowa,-92.668235,42.784432
904019809_2000,904019809,2000,1903520,Atlantic,Iowa,-94.99303,41.40391
407927037_2000,407927037,2000,1914430,Clinton,Iowa,-90.1911,41.84106
145393526_2000,145393526,2000,1913575,Clarinda,Iowa,-95.02836390179453,40.72821609569979
482035011_2000,482035011,2000,1944490,Lenox,Iowa,-94.5592,40.88164
416561009_2000,416561009,2000,1917220,Cresco,Iowa,-92.11977,43.37079
843497744_2000,843497744,2000,1928515,Fort Dodge,Iowa,-94.18094492441463,42.503965579966916
825676208_2000,825676208,2000,1978915,Tripoli,Iowa,-92.26157,42.80086
600910707_2000,600910707,2000,1974280,Spencer,Iowa,-95.144572,43.142353
425939329_2000,425939329,2000,1905635,Bellevue,Iowa,-90.42332,42.25536
983809724_2000,983809724,2000,1909550,Burlington,Iowa,-91.11654,40.81914
145438131_2000,145438131,2000,1948810,Manchester,Iowa,-91.45123,42.493
961823663_2000,961823663,2000,1955695,Nevada,Iowa,-93.45247,42.02241
860146562_2000,860146562,2000,1938010,Ida Grove,Iowa,-95.46687472307087,42.350089276316055
702672353_2000,702672353,2000,1914430,Clinton,Iowa,-90.233945,41.813773
145019089_2000,145019089,2000,1914025,Clear Lake,Iowa,-93.379,43.13488
950905372_2000,950905372,2000,1950160,Mason City,Iowa,-93.177229,43.147952
968011718_2000,968011718,2000,1948810,Manchester,Iowa,-91.45701,42.48407
145197737_2000,145197737,2000,1917265,Creston,Iowa,-94.35943,41.05846
317144830_2000,317144830,2000,1934725,Hartley,Iowa,-95.472629,43.179388
425321528_2000,425321528,2000,1959115,Onawa,Iowa,-96.10552,42.02575
860189851_2000,860189851,2000,1944400,Le Mars,Iowa,-96.16721,42.79407
416563799_2000,416563799,2000,1958620,Oelwein,Iowa,-91.90374,42.67894
966302457_2000,966302457,2000,1982335,Washington,Iowa,-91.68493,41.29664
308203553_2000,308203553,2000,1958665,Ogden,Iowa,-94.02818,42.03863
825335615_2000,825335615,2000,1924690,Elkader,Iowa,-91.403084,42.855528
145617825_2000,145617825,2000,1912315,Centerville,Iowa,-92.87512,40.73446
891487308_2000,891487308,2000,1978735,Traer,Iowa,-92.46364,42.19291
145724225_2000,145724225,2000,1955110,Muscatine,Iowa,-91.04131933477231,41.42367379098215
512417668_2000,512417668,2000,1903520,Atlantic,Iowa,-94.992057,41.401957
620832428_2000,620832428,2000,1972525,Shenandoah,Iowa,-95.37422,40.76566
983729393_2000,983729393,2000,1928515,Fort Dodge,Iowa,-94.16669,42.52473
425406675_2000,425406675,2000,1903520,Atlantic,Iowa,-95.01379,41.40391
969343656_2000,969343656,2000,1901135,Algona,Iowa,-94.23265,43.06858
145665071_2000,145665071,2000,1940845,Keokuk,Iowa,-91.39176,40.4044
144774965_2000,144774965,2000,1903520,Atlantic,Iowa,-95.01403,41.40796
447459330_2000,447459330,2000,1944400,Le Mars,Iowa,-96.185787,42.776182
145004024_2000,145004024,2000,1950160,Mason City,Iowa,-93.21272,43.1305
425477171_2000,425477171,2000,1950160,Mason City,Iowa,-93.201066,43.115508
440087765_2000,440087765,2000,1956505,Newton,Iowa,-93.04969055798875,41.699694819600325
145653291_2000,145653291,2000,1909550,Burlington,Iowa,-91.115363,40.795693
509075842_2000,509075842,2000,1909550,Burlington,Iowa,-91.10918,40.79606
402536742_2000,402536742,2000,1944400,Le Mars,Iowa,-96.16169327886888,42.789346609880056
900099714_2000,900099714,2000,1919945,Denison,Iowa,-95.344424,42.015708
712263771_2000,712263771,2000,1982875,Waverly,Iowa,-92.46852,42.72568
906825971_2000,906825971,2000,1958665,Ogden,Iowa,-94.03087,42.03843
471461327_2000,471461327,2000,1937560,Humboldt,Iowa,-94.21357,42.72125
450423512_2000,450423512,2000,1911080,Carroll,Iowa,-94.88675,42.07866
145469953_2000,145469953,2000,1984765,West Union,Iowa,-91.80823,42.96113
145662730_2000,145662730,2000,1928605,Fort Madison,Iowa,-91.32014,40.63039
961823879_2000,961823879,2000,1955695,Nevada,Iowa,-93.45129,42.01742
976442905_2000,976442905,2000,1926445,Fairfield,Iowa,-91.961034,41.008638
402518211_2000,402518211,2000,1913620,Clarion,Iowa,-93.73272,42.73212
860243831_2000,860243831,2000,1934500,Harlan,Iowa,-95.31769,41.65834
425421096_2000,425421096,2000,1942015,Knoxville,Iowa,-93.09251,41.31799
145084307_2000,145084307,2000,1943725,Laurens,Iowa,-94.84929,42.84775
987775442_2000,987775442,2000,1982875,Waverly,Iowa,-92.47647,42.72585
524710779_2000,524710779,2000,1974415,Spirit Lake,Iowa,-95.10245,43.42284
992937805_2000,992937805,2000,1944535,Leon,Iowa,-93.74805383267488,40.740372050404176
407914233_2000,407914233,2000,1911080,Carroll,Iowa,-94.86577,42.06789
509058798_2000,509058798,2000,1917220,Cresco,Iowa,-92.11911,43.38197
145289427_2000,145289427,2000,1968160,Rock Rapids,Iowa,-96.17667,43.43177
144868098_2000,144868098,2000,1959835,Osceola,Iowa,-93.75904,41.03273
145605309_2000,145605309,2000,1960465,Ottumwa,Iowa,-92.41849,41.0082
902534833_2000,902534833,2000,1976260,Sumner,Iowa,-92.11291,42.8485
843566407_2000,843566407,2000,1949755,Marshalltown,Iowa,-92.91026,42.04798
983740374_2000,983740374,2000,1975630,Storm Lake,Iowa,-95.200895,42.651537
939051215_2000,939051215,2000,1909550,Burlington,Iowa,-91.12237,40.8005
145125084_2000,145125084,2000,1912765,Charles City,Iowa,-92.67795,43.06788
860122951_2000,860122951,2000,1972390,Sheldon,Iowa,-95.841014,43.185861
474146669_2000,474146669,2000,1982875,Waverly,Iowa,-92.46844,42.72568
964286538_2000,964286538,2000,1940845,Keokuk,Iowa,-91.3859,40.39878
514301019_2000,514301019,2000,1970410,Sanborn,Iowa,-95.662614,43.184589
524710944_2000,524710944,2000,1974415,Spirit Lake,Iowa,-95.10731,43.42286
456745629_2000,456745629,2000,1978510,Toledo,Iowa,-92.57863,41.99537
472904408_2000,472904408,2000,1949755,Marshalltown,Iowa,-92.91211,42.0485
947298329_2000,947298329,2000,1917265,Creston,Iowa,-94.35705,41.07098
489370122_2000,489370122,2000,1956100,New Hampton,Iowa,-92.31371,43.05987
145065652_2000,145065652,2000,1901135,Algona,Iowa,-94.23363,43.06996
825606791_2000,825606791,2000,1983280,Wellman,Iowa,-91.83502,41.47356
620423442_2000,620423442,2000,1959475,Orange City,Iowa,-96.05894,43.00847
703083303_2000,703083303,2000,1950160,Mason City,Iowa,-93.216309999999993,43.150112
520937095_2000,520937095,2000,1950160,Mason City,Iowa,-93.241862,43.148716
425434891_2000,425434891,2000,1940845,Keokuk,Iowa,-91.41549,40.41646
316822022_2000,316822022,2000,1972390,Sheldon,Iowa,-95.854861,43.184668
524711330_2000,524711330,2000,1974415,Spirit Lake,Iowa,-95.10241,43.4249
515214591_2000,515214591,2000,1955110,Muscatine,Iowa,-91.04583,41.42529
145430856_2000,145430856,2000,1923115,Dyersville,Iowa,-91.12356,42.49251
144870953_2000,144870953,2000,1962040,Pella,Iowa,-92.91296,41.41738
425411709_2000,425411709,2000,1972390,Sheldon,Iowa,-95.84722,43.185896
144781101_2000,144781101,2000,1903655,Audubon,Iowa,-94.93038,41.72108
978245421_2000,978245421,2000,1900595,Afton,Iowa,-94.187863,41.026469
898444880_2000,898444880,2000,1926445,Fairfield,Iowa,-91.97501,40.999392
144784261_2000,144784261,2000,1907480,Boone,Iowa,-93.880145,42.061818
843426784_2000,843426784,2000,1950160,Mason City,Iowa,-93.25828,43.14023
982473191_2000,982473191,2000,1982200,Wapello,Iowa,-91.18215,41.1748
416559672_2000,416559672,2000,1913620,Clarion,Iowa,-93.73295,42.73153
512420142_2000,512420142,2000,1933105,Grinnell,Iowa,-92.73505,41.74301
487841041_2000,487841041,2000,1909550,Burlington,Iowa,-91.10182,40.8114
967995044_2000,967995044,2000,1928515,Fort Dodge,Iowa,-94.192493,42.489263
145299657_2000,145299657,2000,1974280,Spencer,Iowa,-95.14424,43.1407
860137884_2000,860137884,2000,1974415,Spirit Lake,Iowa,-95.12923,43.41176
144842234_2000,144842234,2000,1949755,Marshalltown,Iowa,-92.91475,42.04847
474143666_2000,474143666,2000,1912765,Charles City,Iowa,-92.673874,43.061267
959397738_2000,959397738,2000,1919405,Decorah,Iowa,-91.78737,43.30424
145219655_2000,145219655,2000,1913080,Cherokee,Iowa,-95.55253,42.74961
495413064_2000,495413064,2000,1928515,Fort Dodge,Iowa,-94.16297,42.504245
890650526_2000,890650526,2000,1949755,Marshalltown,Iowa,-92.909775,42.015718
843638313_2000,843638313,2000,1900910,Albia,Iowa,-92.80924,41.0261
144807922_2000,144807922,2000,1933105,Grinnell,Iowa,-92.72581910947343,41.742426282232486
517041422_2000,517041422,2000,1913080,Cherokee,Iowa,-95.571717,42.756152
518145610_2000,518145610,2000,1960465,Ottumwa,Iowa,-92.43675,41.01664
463621334_2000,463621334,2000,1926445,Fairfield,Iowa,-91.973189,41.016119
900752643_2000,900752643,2000,1900595,Afton,Iowa,-94.187863,41.026469
317096758_2000,317096758,2000,1949395,Marengo,Iowa,-92.070002,41.799595
145728382_2000,145728382,2000,1978285,Tipton,Iowa,-91.12873,41.76882
455508234_2000,455508234,2000,1960465,Ottumwa,Iowa,-92.38981,41.02763
471459826_2000,471459826,2000,1933960,Hampton,Iowa,-93.21416,42.73717
825398209_2000,825398209,2000,1938100,Independence,Iowa,-91.92067,42.46222
860255892_2000,860255892,2000,1911080,Carroll,Iowa,-94.857575,42.064499
425436599_2000,425436599,2000,1954705,Mount Pleasant,Iowa,-91.558741,40.962035
974237851_2000,974237851,2000,1960465,Ottumwa,Iowa,-92.39317,41.03849
463617118_2000,463617118,2000,1972525,Shenandoah,Iowa,-95.38213133649856,40.767662366872855
001290360_2000,001290360,2000,1978285,Tipton,Iowa,-91.12816,41.77031
145026340_2000,145026340,2000,1929955,Garner,Iowa,-93.60912,43.094475
936310200_2000,936310200,2000,1972390,Sheldon,Iowa,-95.854644,43.180942
964610489_2000,964610489,2000,1942465,Lake City,Iowa,-94.746616,42.267368
900099847_2000,900099847,2000,1919945,Denison,Iowa,-95.3524,42.01566
860156777_2000,860156777,2000,1933780,Hamburg,Iowa,-95.6563,40.60456
983805656_2000,983805656,2000,1959925,Oskaloosa,Iowa,-92.643655999999993,41.289865
454022013_2000,454022013,2000,1923115,Dyersville,Iowa,-91.11829,42.47558
145443396_2000,145443396,2000,1949215,Maquoketa,Iowa,-90.66599,42.06941
520936261_2000,520936261,2000,1950160,Mason City,Iowa,-93.22943,43.14808
843616053_2000,843616053,2000,1900190,Ackley,Iowa,-93.05245,42.55316
145320370_2000,145320370,2000,1911080,Carroll,Iowa,-94.87425,42.06886
964608566_2000,964608566,2000,1913080,Cherokee,Iowa,-95.55098,42.74974
474161940_2000,474161940,2000,1912315,Centerville,Iowa,-92.876197,40.717613
987791985_2000,987791985,2000,1983280,Wellman,Iowa,-91.83279,41.47248
471458687_2000,471458687,2000,1938640,Iowa Falls,Iowa,-93.27873,42.51933
145110201_2000,145110201,2000,1900190,Ackley,Iowa,-93.04272,42.5501
976423301_2000,976423301,2000,1959115,Onawa,Iowa,-96.105767,42.025621
145293791_2000,145293791,2000,1972975,Sibley,Iowa,-95.75232,43.402679
145036729_2000,145036729,2000,1959745,Osage,Iowa,-92.80919,43.2847
485064109_2000,485064109,2000,1913620,Clarion,Iowa,-93.73272,42.73212
308203769_2000,308203769,2000,1962040,Pella,Iowa,-92.91638,41.40762
978232270_2000,978232270,2000,1907480,Boone,Iowa,-93.88102689956759,42.06387397027231
407901792_2000,407901792,2000,1975675,Story City,Iowa,-93.586026,42.18802
843395369_2000,843395369,2000,1937560,Humboldt,Iowa,-94.207684,42.732629
316565852_2000,316565852,2000,1931710,Gowrie,Iowa,-94.28106,42.27739
991321712_2000,991321712,2000,1978285,Tipton,Iowa,-91.1279,41.76865
144844164_2000,144844164,2000,1949755,Marshalltown,Iowa,-92.91124,42.04458
402531321_2000,402531321,2000,1919945,Denison,Iowa,-95.356805,42.017301
145135554_2000,145135554,2000,1932745,Greene,Iowa,-92.80075,42.8955
516895430_2000,516895430,2000,1972525,Shenandoah,Iowa,-95.367322,40.753505
145719829_2000,145719829,2000,1955110,Muscatine,Iowa,-91.03906,41.4248
402493605_2000,402493605,2000,1933195,Grundy Center,Iowa,-92.761716,42.358662
145382842_2000,145382842,2000,1966135,Red Oak,Iowa,-95.23275789777608,41.008983285482486
145219424_2000,145219424,2000,1913080,Cherokee,Iowa,-95.55108,42.74932
964604961_2000,964604961,2000,1975630,Storm Lake,Iowa,-95.20076,42.64202
860229509_2000,860229509,2000,1975630,Storm Lake,Iowa,-95.19011,42.6462
978244234_2000,978244234,2000,1983145,Webster City,Iowa,-93.78412,42.48221
843447178_2000,843447178,2000,1912315,Centerville,Iowa,-92.874317,40.728462
945167815_2000,945167815,2000,1956505,Newton,Iowa,-93.06038,41.69104
892473844_2000,892473844,2000,1974280,Spencer,Iowa,-95.14705,43.12775
145664751_2000,145664751,2000,1940845,Keokuk,Iowa,-91.38564,40.39853
939051116_2000,939051116,2000,1960465,Ottumwa,Iowa,-92.42213,40.98784
145460010_2000,145460010,2000,1943275,Lansing,Iowa,-91.22193,43.36105
145549366_2000,145549366,2000,1982335,Washington,Iowa,-91.69061272678721,41.216751542396594
416571412_2000,416571412,2000,1940845,Keokuk,Iowa,-91.40316,40.421404
306309899_2000,306309899,2000,1960465,Ottumwa,Iowa,-92.41049,41.05397
451116495_2000,451116495,2000,1940845,Keokuk,Iowa,-91.38802,40.40712
402487631_2000,402487631,2000,1954705,Mount Pleasant,Iowa,-91.55816860458918,40.96270203516076
890647845_2000,890647845,2000,1921180,De Witt,Iowa,-90.53211,41.81719
825523699_2000,825523699,2000,1984765,West Union,Iowa,-91.80876,42.95907
452616410_2000,452616410,2000,1914430,Clinton,Iowa,-90.20114,41.85923
145454039_2000,145454039,2000,1919405,Decorah,Iowa,-91.78807,43.30425
937413813_2000,937413813,2000,1913575,Clarinda,Iowa,-95.01913,40.7388
492113741_2000,492113741,2000,1938640,Iowa Falls,Iowa,-93.26604,42.51972
825649049_2000,825649049,2000,1909550,Burlington,Iowa,-91.14172,40.83246
514458801_2000,514458801,2000,1953310,Monona,Iowa,-91.3884,43.05712
978244259_2000,978244259,2000,1983145,Webster City,Iowa,-93.82345,42.46935
969343672_2000,969343672,2000,1983145,Webster City,Iowa,-93.82200545062358,42.46668696711396
145209912_2000,145209912,2000,1954480,Mount Ayr,Iowa,-94.228309,40.712824
960231470_2000,960231470,2000,1982740,Waukon,Iowa,-91.48791,43.27697
144861937_2000,144861937,2000,1956505,Newton,Iowa,-93.05805,41.69504
309312056_2000,309312056,2000,1907480,Boone,Iowa,-93.902146,42.058939
896402641_2000,896402641,2000,1916635,Corydon,Iowa,-93.31803,40.757279
983801291_2000,983801291,2000,1960465,Ottumwa,Iowa,-92.43675,41.01664
402523526_2000,402523526,2000,1983145,Webster City,Iowa,-93.82946,42.46503
145009940_2000,145009940,2000,1950160,Mason City,Iowa,-93.20712,43.15041
972980437_2000,972980437,2000,1978285,Tipton,Iowa,-91.12882,41.76959
515124204_2000,515124204,2000,1949755,Marshalltown,Iowa,-92.91145,42.047872
145443636_2000,145443636,2000,1949215,Maquoketa,Iowa,-90.66514,42.07019
825674013_2000,825674013,2000,1923115,Dyersville,Iowa,-91.12602,42.48531
974535718_2000,974535718,2000,1937515,Hull,Iowa,-96.133796,43.186019
145453742_2000,145453742,2000,1919405,Decorah,Iowa,-91.77682,43.30177
512425539_2000,512425539,2000,1956100,New Hampton,Iowa,-92.319008,43.061227
843478074_2000,843478074,2000,1978510,Toledo,Iowa,-92.57874,41.99492
145703278_2000,145703278,2000,1914430,Clinton,Iowa,-90.186192,41.854099
983713660_2000,983713660,2000,1959835,Osceola,Iowa,-93.80188,41.02359
144841160_2000,144841160,2000,1949755,Marshalltown,Iowa,-92.9129,42.04993
425420643_2000,425420643,2000,1944535,Leon,Iowa,-93.76082,40.7378
843600206_2000,843600206,2000,1932745,Greene,Iowa,-92.79756,42.8932
425451937_2000,425451937,2000,1942465,Lake City,Iowa,-94.73391,42.26717
145069555_2000,145069555,2000,1913620,Clarion,Iowa,-93.73397,42.73097
144775244_2000,144775244,2000,1903520,Atlantic,Iowa,-95.01291,41.40567
985449487_2000,985449487,2000,1913575,Clarinda,Iowa,-95.03529,40.7282
489371781_2000,489371781,2000,1937515,Hull,Iowa,-96.13388,43.18941
004455028_2000,004455028,2000,1955110,Muscatine,Iowa,-91.04484,41.42145
982472961_2000,982472961,2000,1972975,Sibley,Iowa,-95.67507412172193,43.38945698656369
513644542_2000,513644542,2000,1928515,Fort Dodge,Iowa,-94.16797,42.51904
145382271_2000,145382271,2000,1966135,Red Oak,Iowa,-95.2329,41.01793
407927516_2000,407927516,2000,1914430,Clinton,Iowa,-90.188424,41.84265
825609456_2000,825609456,2000,1949215,Maquoketa,Iowa,-90.67619,42.06936
843577750_2000,843577750,2000,1968070,Rockford,Iowa,-92.94729,43.05261
965886690_2000,965886690,2000,1954705,Mount Pleasant,Iowa,-91.55462,40.97835
491046819_2000,491046819,2000,1914430,Clinton,Iowa,-90.18015,41.88831
144827110_2000,144827110,2000,1942015,Knoxville,Iowa,-93.09583,41.31797
509038170_2000,509038170,2000,1928515,Fort Dodge,Iowa,-94.186112,42.505388
463621631_2000,463621631,2000,1942555,Lake Mills,Iowa,-93.53509,43.42005
843522640_2000,843522640,2000,1956460,New Sharon,Iowa,-92.65181,41.46643
978236107_2000,978236107,2000,1968070,Rockford,Iowa,-92.943864,43.049753
425438868_2000,425438868,2000,1928605,Fort Madison,Iowa,-91.311757,40.633094
474138203_2000,474138203,2000,1959745,Osage,Iowa,-92.82016,43.2837
890648504_2000,890648504,2000,1960465,Ottumwa,Iowa,-92.408844,41.016579
825523814_2000,825523814,2000,1984765,West Union,Iowa,-91.81644,42.96372
860253830_2000,860253830,2000,1966405,Remsen,Iowa,-95.97191264896742,42.816233647670344
145219408_2000,145219408,2000,1913080,Cherokee,Iowa,-95.55422,42.74965
898440268_2000,898440268,2000,1972390,Sheldon,Iowa,-95.842256,43.186372
825561814_2000,825561814,2000,1917220,Cresco,Iowa,-92.12189,43.37084
145199006_2000,145199006,2000,1917265,Creston,Iowa,-94.369077,41.04877
466791720_2000,466791720,2000,1911080,Carroll,Iowa,-94.84934,42.06482
489368787_2000,489368787,2000,1958620,Oelwein,Iowa,-91.9024,42.67654
933815664_2000,933815664,2000,1950160,Mason City,Iowa,-93.1916,43.13325
703838656_2000,703838656,2000,1950160,Mason City,Iowa,-93.17816,43.13802
450423728_2000,450423728,2000,1909550,Burlington,Iowa,-91.09829,40.78858
471465740_2000,471465740,2000,1948810,Manchester,Iowa,-91.43922,42.48417
425352606_2000,425352606,2000,1909550,Burlington,Iowa,-91.102235,40.811837
983737586_2000,983737586,2000,1963975,Pocahontas,Iowa,-94.668821,42.73793
906377239_2000,906377239,2000,1959925,Oskaloosa,Iowa,-92.64489,41.29561
302380829_2000,302380829,2000,1975630,Storm Lake,Iowa,-95.18115,42.63658
425406923_2000,425406923,2000,1914430,Clinton,Iowa,-90.18476,41.86675
145057618_2000,145057618,2000,1928515,Fort Dodge,Iowa,-94.16471,42.51917
995706249_2000,995706249,2000,1942015,Knoxville,Iowa,-93.10173,41.3215
968008037_2000,968008037,2000,1952095,Milford,Iowa,-95.15021059207612,43.30931421693589
513645853_2000,513645853,2000,1928515,Fort Dodge,Iowa,-94.15504659682557,42.50121842395174
145158333_2000,145158333,2000,1966315,Reinbeck,Iowa,-92.60736,42.32435
843588674_2000,843588674,2000,1942960,Lamoni,Iowa,-93.93306,40.62359
145322863_2000,145322863,2000,1911080,Carroll,Iowa,-94.878399,42.074361
509045670_2000,509045670,2000,1954480,Mount Ayr,Iowa,-94.238936,40.714687
145601969_2000,145601969,2000,1960465,Ottumwa,Iowa,-92.42093,41.00065
144791126_2000,144791126,2000,1912720,Chariton,Iowa,-93.30563,41.01567
145371373_2000,145371373,2000,1934500,Harlan,Iowa,-95.322428,41.659042
902523273_2000,902523273,2000,1938010,Ida Grove,Iowa,-95.4827,42.34318
145051280_2000,145051280,2000,1928515,Fort Dodge,Iowa,-94.17507,42.50483
145608618_2000,145608618,2000,1960465,Ottumwa,Iowa,-92.4121,41.018671
145599155_2000,145599155,2000,1960465,Ottumwa,Iowa,-92.3978,41.02792
987767555_2000,987767555,2000,1957630,Northwood,Iowa,-93.22051,43.44458
983794231_2000,983794231,2000,1982740,Waukon,Iowa,-91.48891,43.27106
825579154_2000,825579154,2000,1976260,Sumner,Iowa,-92.09515499469501,42.85502953067271
145213492_2000,145213492,2000,1900775,Akron,Iowa,-96.5529,42.8284
003034964_2000,003034964,2000,1984765,West Union,Iowa,-91.8092,42.96167
983740655_2000,983740655,2000,1975630,Storm Lake,Iowa,-95.20531,42.647577
860062124_2000,860062124,2000,1972525,Shenandoah,Iowa,-95.37247099134885,40.7659453533916
144841087_2000,144841087,2000,1949755,Marshalltown,Iowa,-92.91839,42.04754
983708645_2000,983708645,2000,1949755,Marshalltown,Iowa,-92.899864,42.026949
843556879_2000,843556879,2000,1975675,Story City,Iowa,-93.58909221963557,42.18620680800126
487843195_2000,487843195,2000,1936840,Holstein,Iowa,-95.53671,42.48312
966242760_2000,966242760,2000,1949755,Marshalltown,Iowa,-92.94019,42.00788
515209641_2000,515209641,2000,1914430,Clinton,Iowa,-90.212819,41.839548
144848124_2000,144848124,2000,1949755,Marshalltown,Iowa,-92.91251131796508,42.01435470273958
890648397_2000,890648397,2000,1960465,Ottumwa,Iowa,-92.41259,41.01798
492115704_2000,492115704,2000,1975630,Storm Lake,Iowa,-95.17418880487594,42.64100997436975
906811633_2000,906811633,2000,1914430,Clinton,Iowa,-90.19057,41.839901
000510016_2000,000510016,2000,1903520,Atlantic,Iowa,-95.013749,41.405099
505102723_2000,505102723,2000,1966135,Red Oak,Iowa,-95.22812,41.01308
890645062_2000,890645062,2000,1955110,Muscatine,Iowa,-91.06615,41.4089
958046591_2000,958046591,2000,1959475,Orange City,Iowa,-96.0593,43.01194
491047080_2000,491047080,2000,1914430,Clinton,Iowa,-90.19764,41.85746
505126763_2000,505126763,2000,1954705,Mount Pleasant,Iowa,-91.55457,40.96559
983804519_2000,983804519,2000,1912315,Centerville,Iowa,-92.87812,40.73256
860191626_2000,860191626,2000,1935265,Hawarden,Iowa,-96.485,42.99536
402528699_2000,402528699,2000,1913080,Cherokee,Iowa,-95.55623,42.74983
995708716_2000,995708716,2000,1962040,Pella,Iowa,-92.916645,41.40542
825647415_2000,825647415,2000,1909550,Burlington,Iowa,-91.103665,40.811131
145008181_2000,145008181,2000,1950160,Mason City,Iowa,-93.22493,43.13597
145658928_2000,145658928,2000,1928605,Fort Madison,Iowa,-91.30225,40.63167
493048276_2000,493048276,2000,1955110,Muscatine,Iowa,-91.04471,41.42221
860188689_2000,860188689,2000,1944400,Le Mars,Iowa,-96.166565,42.791504
144872595_2000,144872595,2000,1962040,Pella,Iowa,-92.902957,41.400341
145010351_2000,145010351,2000,1950160,Mason City,Iowa,-93.238083,43.148538
825663503_2000,825663503,2000,1911305,Cascade,Iowa,-90.90788714970893,42.322695359015654
474134699_2000,474134699,2000,1950160,Mason City,Iowa,-93.256518,43.145011
144873171_2000,144873171,2000,1962040,Pella,Iowa,-92.91781,41.40498
145451845_2000,145451845,2000,1919405,Decorah,Iowa,-91.73537719495272,43.29689178116536
995698388_2000,995698388,2000,1903655,Audubon,Iowa,-94.936588,41.724487
713265429_2000,713265429,2000,1960465,Ottumwa,Iowa,-92.42179,41.02551
144833761_2000,144833761,2000,1944535,Leon,Iowa,-93.747,40.74068
145661500_2000,145661500,2000,1928605,Fort Madison,Iowa,-91.35871,40.62486
985450014_2000,985450014,2000,1949395,Marengo,Iowa,-92.07364,41.79615
860227834_2000,860227834,2000,1934725,Hartley,Iowa,-95.477365,43.185076
860234954_2000,860234954,2000,1959475,Orange City,Iowa,-96.057767,43.004694
886851773_2000,886851773,2000,1914430,Clinton,Iowa,-90.20718,41.84346
145548467_2000,145548467,2000,1982335,Washington,Iowa,-91.7051,41.29612
860136076_2000,860136076,2000,1974415,Spirit Lake,Iowa,-95.10212,43.42394
451115588_2000,451115588,2000,1928605,Fort Madison,Iowa,-91.31107,40.63122
930553672_2000,930553672,2000,1950160,Mason City,Iowa,-93.199592,43.153836
843435033_2000,843435033,2000,1950160,Mason City,Iowa,-93.19909,43.15288
145009924_2000,145009924,2000,1950160,Mason City,Iowa,-93.20526,43.14599
402519748_2000,402519748,2000,1962040,Pella,Iowa,-92.91079,41.39398
890648785_2000,890648785,2000,1960465,Ottumwa,Iowa,-92.41899,41.00807
145650669_2000,145650669,2000,1909550,Burlington,Iowa,-91.14099,40.83366
425477676_2000,425477676,2000,1950160,Mason City,Iowa,-93.21839,43.16068
145099859_2000,145099859,2000,1975630,Storm Lake,Iowa,-95.198236,42.642307
512419979_2000,512419979,2000,1933105,Grinnell,Iowa,-92.73109,41.75627
450157169_2000,450157169,2000,1940845,Keokuk,Iowa,-91.3885,40.394
510833676_2000,510833676,2000,1940845,Keokuk,Iowa,-91.38481462753947,40.397513125744354
493607550_2000,493607550,2000,1982875,Waverly,Iowa,-92.495219,42.727069
003480894_2000,003480894,2000,1973110,Sigourney,Iowa,-92.205069,41.337924
998320634_2000,998320634,2000,1928605,Fort Madison,Iowa,-91.31734,40.63285
145456034_2000,145456034,2000,1917220,Cresco,Iowa,-92.11567,43.3731
483315842_2000,483315842,2000,1903655,Audubon,Iowa,-94.93105,41.72051
949454888_2000,949454888,2000,1903520,Atlantic,Iowa,-95.00902,41.39733
144854684_2000,144854684,2000,1955695,Nevada,Iowa,-93.45218,42.02103
975998055_2000,975998055,2000,1909550,Burlington,Iowa,-91.14191,40.82718
947298337_2000,947298337,2000,1917265,Creston,Iowa,-94.37168,41.0712
145634259_2000,145634259,2000,1959925,Oskaloosa,Iowa,-92.64832,41.3032
407908805_2000,407908805,2000,1975630,Storm Lake,Iowa,-95.20008,42.64753
402494330_2000,402494330,2000,1923115,Dyersville,Iowa,-91.121065,42.484699
471461848_2000,471461848,2000,1963975,Pocahontas,Iowa,-94.66904,42.73588
145221263_2000,145221263,2000,1913080,Cherokee,Iowa,-95.55255,42.75513
145125894_2000,145125894,2000,1912765,Charles City,Iowa,-92.649526,43.066959
492118971_2000,492118971,2000,1963975,Pocahontas,Iowa,-94.65972,42.73548
492123849_2000,492123849,2000,1923115,Dyersville,Iowa,-91.11517,42.47399
413975566_2000,413975566,2000,1944400,Le Mars,Iowa,-96.16885,42.79237
472904093_2000,472904093,2000,1949755,Marshalltown,Iowa,-92.90899,42.05046
145302238_2000,145302238,2000,1974280,Spencer,Iowa,-95.14410762185952,43.127676985617995
455506493_2000,455506493,2000,1949755,Marshalltown,Iowa,-92.93638,42.00769
600604433_2000,600604433,2000,1917265,Creston,Iowa,-94.3566,41.0592
705004117_2000,705004117,2000,1955110,Muscatine,Iowa,-91.04731,41.42975
898440334_2000,898440334,2000,1972390,Sheldon,Iowa,-95.845966,43.187819
416565661_2000,416565661,2000,1909550,Burlington,Iowa,-91.144552,40.814765
964286462_2000,964286462,2000,1909550,Burlington,Iowa,-91.10313861076168,40.812048872114815
518137070_2000,518137070,2000,1953310,Monona,Iowa,-91.390007,43.052918
145607941_2000,145607941,2000,1960465,Ottumwa,Iowa,-92.41073,40.99915
600603500_2000,600603500,2000,1917265,Creston,Iowa,-94.364083,41.05745
825548449_2000,825548449,2000,1982200,Wapello,Iowa,-91.188987,41.172999
144884525_2000,144884525,2000,1975675,Story City,Iowa,-93.59494,42.18721
702641705_2000,702641705,2000,1914430,Clinton,Iowa,-90.190616,41.842151
145149522_2000,145149522,2000,1956100,New Hampton,Iowa,-92.30602,43.05957
145221255_2000,145221255,2000,1913080,Cherokee,Iowa,-95.54458,42.75369
497083154_2000,497083154,2000,1974280,Spencer,Iowa,-95.14177,43.149
600910418_2000,600910418,2000,1974280,Spencer,Iowa,-95.130729,43.146801
489371294_2000,489371294,2000,1903520,Atlantic,Iowa,-95.02857,41.39901
513644724_2000,513644724,2000,1928515,Fort Dodge,Iowa,-94.15402,42.50541
930556360_2000,930556360,2000,1940845,Keokuk,Iowa,-91.38765,40.40628
985424977_2000,985424977,2000,1903520,Atlantic,Iowa,-95.01387,41.40595
145371787_2000,145371787,2000,1934500,Harlan,Iowa,-95.3273,41.65096
425330719_2000,425330719,2000,1975630,Storm Lake,Iowa,-95.22936,42.64388
860199314_2000,860199314,2000,1966135,Red Oak,Iowa,-95.22525,41.01901
825475445_2000,825475445,2000,1928605,Fort Madison,Iowa,-91.32925,40.63049
144831922_2000,144831922,2000,1942960,Lamoni,Iowa,-93.93887,40.62195
313930927_2000,313930927,2000,1909550,Burlington,Iowa,-91.14084,40.80527
983751918_2000,983751918,2000,1933195,Grundy Center,Iowa,-92.77462,42.35818
466798014_2000,466798014,2000,1983685,West Burlington,Iowa,-91.167445,40.820989
983822875_2000,983822875,2000,1955110,Muscatine,Iowa,-91.04166,41.42835
412093650_2000,412093650,2000,1972390,Sheldon,Iowa,-95.858475,43.176031
144837853_2000,144837853,2000,1949755,Marshalltown,Iowa,-92.910894,42.049262
144823440_2000,144823440,2000,1939450,Jefferson,Iowa,-94.37359,42.01646
520937251_2000,520937251,2000,1950160,Mason City,Iowa,-93.216309999999993,43.150112
930554621_2000,930554621,2000,1925860,Estherville,Iowa,-94.80666,43.3942
144805470_2000,144805470,2000,1933105,Grinnell,Iowa,-92.72447,41.74267
843620337_2000,843620337,2000,1912315,Centerville,Iowa,-92.87429450893245,40.73500312547657
144846045_2000,144846045,2000,1949755,Marshalltown,Iowa,-92.88557,42.04069
145060380_2000,145060380,2000,1928515,Fort Dodge,Iowa,-94.18483328459905,42.50533134855408
970104360_2000,970104360,2000,1914025,Clear Lake,Iowa,-93.42282,43.13812
983816851_2000,983816851,2000,1921180,De Witt,Iowa,-90.539103,41.824284
425364106_2000,425364106,2000,1938640,Iowa Falls,Iowa,-93.26318,42.506161
425407962_2000,425407962,2000,1912315,Centerville,Iowa,-92.87255,40.73158
509076253_2000,509076253,2000,1909550,Burlington,Iowa,-91.10476,40.8158
493604367_2000,493604367,2000,1974280,Spencer,Iowa,-95.14287,43.14886
145606265_2000,145606265,2000,1960465,Ottumwa,Iowa,-92.4159,41.00476
961824133_2000,961824133,2000,1955695,Nevada,Iowa,-93.46289990606073,41.982460221297
145371746_2000,145371746,2000,1934500,Harlan,Iowa,-95.33791,41.65066
316624337_2000,316624337,2000,1942465,Lake City,Iowa,-94.73977,42.27455
843441791_2000,843441791,2000,1907480,Boone,Iowa,-93.89105,42.06783
145037479_2000,145037479,2000,1959745,Osage,Iowa,-92.824427,43.283638
985453422_2000,985453422,2000,1928605,Fort Madison,Iowa,-91.37012,40.62339
515150506_2000,515150506,2000,1937560,Humboldt,Iowa,-94.21932,42.72595
451114508_2000,451114508,2000,1936840,Holstein,Iowa,-95.53675,42.48424
983787300_2000,983787300,2000,1949215,Maquoketa,Iowa,-90.65969,42.06891
456248707_2000,456248707,2000,1949755,Marshalltown,Iowa,-92.90467,42.04852
145052767_2000,145052767,2000,1928515,Fort Dodge,Iowa,-94.17817,42.50582
705327062_2000,705327062,2000,1949755,Marshalltown,Iowa,-92.93724,42.00735
860245935_2000,860245935,2000,1964650,Primghar,Iowa,-95.626292,43.087371
145661245_2000,145661245,2000,1928605,Fort Madison,Iowa,-91.31173,40.63105
402511406_2000,402511406,2000,1901135,Algona,Iowa,-94.23857,43.06935
518145495_2000,518145495,2000,1960465,Ottumwa,Iowa,-92.412723,41.01805
825622210_2000,825622210,2000,1921180,De Witt,Iowa,-90.54514,41.82597
967993775_2000,967993775,2000,1928515,Fort Dodge,Iowa,-94.17643,42.50673
906827803_2000,906827803,2000,1921180,De Witt,Iowa,-90.537101,41.826106
145049623_2000,145049623,2000,1928515,Fort Dodge,Iowa,-94.15639,42.52138
515124188_2000,515124188,2000,1949755,Marshalltown,Iowa,-92.9018874644321,42.06428783149477
145196754_2000,145196754,2000,1917265,Creston,Iowa,-94.3645,41.05374
144827607_2000,144827607,2000,1942015,Knoxville,Iowa,-93.10459,41.31988
706269461_2000,706269461,2000,1950160,Mason City,Iowa,-93.19914,43.14896
489367383_2000,489367383,2000,1919405,Decorah,Iowa,-91.7857,43.32414
456755065_2000,456755065,2000,1950160,Mason City,Iowa,-93.213733,43.149617
825637663_2000,825637663,2000,1983685,West Burlington,Iowa,-91.1558,40.81546
145454476_2000,145454476,2000,1919405,Decorah,Iowa,-91.78417,43.30424
145669073_2000,145669073,2000,1940845,Keokuk,Iowa,-91.3828,40.39345
145383329_2000,145383329,2000,1966135,Red Oak,Iowa,-95.23262,41.01326
448840504_2000,448840504,2000,1909550,Burlington,Iowa,-91.11564,40.79026
700823859_2000,700823859,2000,1955110,Muscatine,Iowa,-91.04637,41.4498
230161804_2000,230161804,2000,1912315,Centerville,Iowa,-92.873185,40.735046
898446034_2000,898446034,2000,1926445,Fairfield,Iowa,-91.95391,41.00445
969343185_2000,969343185,2000,1949755,Marshalltown,Iowa,-92.913102,42.049346
145146767_2000,145146767,2000,1943365,La Porte City,Iowa,-92.190757,42.316333
462581547_2000,462581547,2000,1973290,Sioux Center,Iowa,-96.17536,43.07917
144807732_2000,144807732,2000,1933105,Grinnell,Iowa,-92.725848,41.743356
145548913_2000,145548913,2000,1982335,Washington,Iowa,-91.693252,41.30032
707985537_2000,707985537,2000,1914430,Clinton,Iowa,-90.185035,41.842433
145141958_2000,145141958,2000,1938100,Independence,Iowa,-91.89817,42.4686
455507848_2000,455507848,2000,1982335,Washington,Iowa,-91.70537,41.29628
515098002_2000,515098002,2000,1938640,Iowa Falls,Iowa,-93.260423,42.521759
492116223_2000,492116223,2000,1963975,Pocahontas,Iowa,-94.666161,42.732516
402487516_2000,402487516,2000,1954705,Mount Pleasant,Iowa,-91.55473,40.96682
860062116_2000,860062116,2000,1972525,Shenandoah,Iowa,-95.381998,40.765833
474138567_2000,474138567,2000,1928515,Fort Dodge,Iowa,-94.18723,42.50446
959396961_2000,959396961,2000,1912765,Charles City,Iowa,-92.67525,43.07245
515171270_2000,515171270,2000,1913080,Cherokee,Iowa,-95.55473,42.74983
314611385_2000,314611385,2000,1968205,Rock Valley,Iowa,-96.27621,43.20108
425419397_2000,425419397,2000,1916500,Corning,Iowa,-94.735192,40.988946
144777497_2000,144777497,2000,1903520,Atlantic,Iowa,-95.01314,41.40733
439106717_2000,439106717,2000,1912315,Centerville,Iowa,-92.86846,40.73897
402533681_2000,402533681,2000,1968295,Rockwell City,Iowa,-94.63418,42.39519
145662532_2000,145662532,2000,1928605,Fort Madison,Iowa,-91.3107,40.63121
962056719_2000,962056719,2000,1940845,Keokuk,Iowa,-91.40042,40.40859
843477779_2000,843477779,2000,1977115,Tama,Iowa,-92.58029,41.9627
704835180_2000,704835180,2000,1955110,Muscatine,Iowa,-91.0526,41.43067
967271172_2000,967271172,2000,1938640,Iowa Falls,Iowa,-93.25835,42.52166
145625265_2000,145625265,2000,1926445,Fairfield,Iowa,-91.96188,40.99316
985453752_2000,985453752,2000,1928605,Fort Madison,Iowa,-91.38212,40.62431
843545708_2000,843545708,2000,1960465,Ottumwa,Iowa,-92.40795,41.06109
980001812_2000,980001812,2000,1917220,Cresco,Iowa,-92.11766,43.37711
144822566_2000,144822566,2000,1939450,Jefferson,Iowa,-94.37739,42.02424
983729203_2000,983729203,2000,1928515,Fort Dodge,Iowa,-94.17399,42.50649
966242711_2000,966242711,2000,1949755,Marshalltown,Iowa,-92.9092,42.04701
145635959_2000,145635959,2000,1959925,Oskaloosa,Iowa,-92.65004,41.29558
145658787_2000,145658787,2000,1928605,Fort Madison,Iowa,-91.32607,40.63045
933818551_2000,933818551,2000,1925860,Estherville,Iowa,-94.81833,43.4031
425315090_2000,425315090,2000,1950160,Mason City,Iowa,-93.20312,43.15225
145322897_2000,145322897,2000,1911080,Carroll,Iowa,-94.8784817540249,42.06449272632847
145228755_2000,145228755,2000,1944400,Le Mars,Iowa,-96.17464,42.78556
145471587_2000,145471587,2000,1984765,West Union,Iowa,-91.802058,42.962377
711133348_2000,711133348,2000,1912765,Charles City,Iowa,-92.67543,43.07426
144787678_2000,144787678,2000,1907480,Boone,Iowa,-93.87921,42.06354
144871886_2000,144871886,2000,1962040,Pella,Iowa,-92.896537,41.399313
706199882_2000,706199882,2000,1950160,Mason City,Iowa,-93.221199,43.148541
145643383_2000,145643383,2000,1909550,Burlington,Iowa,-91.102829,40.809242
509054060_2000,509054060,2000,1930225,George,Iowa,-95.99524,43.34551
708856695_2000,708856695,2000,1909550,Burlington,Iowa,-91.139049,40.827611
704862051_2000,704862051,2000,1982875,Waverly,Iowa,-92.46463,42.72536
937418648_2000,937418648,2000,1912765,Charles City,Iowa,-92.67465,43.0512
315553669_2000,315553669,2000,1956505,Newton,Iowa,-93.03859,41.69995
145013983_2000,145013983,2000,1905680,Belmond,Iowa,-93.61021,42.85072
985436864_2000,985436864,2000,1934725,Hartley,Iowa,-95.468331,43.181381
002332351_2000,002332351,2000,1948810,Manchester,Iowa,-91.46012,42.48386
713401263_2000,713401263,2000,1960465,Ottumwa,Iowa,-92.41123,41.01918
843585068_2000,843585068,2000,1917265,Creston,Iowa,-94.36163,41.06
145131397_2000,145131397,2000,1924465,Eldora,Iowa,-93.09964,42.36125
966242505_2000,966242505,2000,1949755,Marshalltown,Iowa,-92.918028,42.049249
843268756_2000,843268756,2000,1912765,Charles City,Iowa,-92.68024,43.0679
003210457_2000,003210457,2000,1900910,Albia,Iowa,-92.80843,41.02686
145214631_2000,145214631,2000,1901585,Alton,Iowa,-96.01656,42.9808
515210748_2000,515210748,2000,1921180,De Witt,Iowa,-90.5509,41.82559
520936303_2000,520936303,2000,1950160,Mason City,Iowa,-93.221199,43.148541
711134726_2000,711134726,2000,1928515,Fort Dodge,Iowa,-94.17886,42.49979
453434227_2000,453434227,2000,1909550,Burlington,Iowa,-91.10312,40.80978
425354768_2000,425354768,2000,1949755,Marshalltown,Iowa,-92.91546,42.01533
970814281_2000,970814281,2000,1949755,Marshalltown,Iowa,-92.91315,42.00752
983806464_2000,983806464,2000,1959925,Oskaloosa,Iowa,-92.65375,41.29646
892512039_2000,892512039,2000,1982875,Waverly,Iowa,-92.50246,42.73392
935259226_2000,935259226,2000,1917265,Creston,Iowa,-94.35158,41.06395
145471157_2000,145471157,2000,1984765,West Union,Iowa,-91.805113,42.963969
145391066_2000,145391066,2000,1972525,Shenandoah,Iowa,-95.37817,40.76475
474152626_2000,474152626,2000,1974280,Spencer,Iowa,-95.14433,43.14279
145369187_2000,145369187,2000,1934500,Harlan,Iowa,-95.32461,41.6471
937417384_2000,937417384,2000,1928515,Fort Dodge,Iowa,-94.192436,42.489306
144786944_2000,144786944,2000,1907480,Boone,Iowa,-93.88163,42.06367
860143031_2000,860143031,2000,1925860,Estherville,Iowa,-94.83684,43.40365
520937004_2000,520937004,2000,1950160,Mason City,Iowa,-93.216309999999993,43.150112
145425435_2000,145425435,2000,1905635,Bellevue,Iowa,-90.42926,42.25749
145659082_2000,145659082,2000,1928605,Fort Madison,Iowa,-91.3119759494553,40.630058819078045
416566719_2000,416566719,2000,1909550,Burlington,Iowa,-91.1022,40.81056
843479809_2000,843479809,2000,1977115,Tama,Iowa,-92.50361647719143,41.963872684506384
707599114_2000,707599114,2000,1956505,Newton,Iowa,-93.0545,41.70134
493602809_2000,493602809,2000,1912765,Charles City,Iowa,-92.67533,43.071433
983816182_2000,983816182,2000,1914430,Clinton,Iowa,-90.18843,41.84441
145446019_2000,145446019,2000,1949215,Maquoketa,Iowa,-90.66498,42.05902
492124573_2000,492124573,2000,1923115,Dyersville,Iowa,-91.05266,42.49895
145053088_2000,145053088,2000,1928515,Fort Dodge,Iowa,-94.20279,42.52108
425327509_2000,425327509,2000,1975630,Storm Lake,Iowa,-95.19957,42.64408
145635504_2000,145635504,2000,1959925,Oskaloosa,Iowa,-92.63004,41.27927
709778195_2000,709778195,2000,1955110,Muscatine,Iowa,-91.043834,41.421289
860255496_2000,860255496,2000,1911080,Carroll,Iowa,-94.87492,42.07391
407911353_2000,407911353,2000,1932790,Greenfield,Iowa,-94.46164,41.3055
860193002_2000,860193002,2000,1903655,Audubon,Iowa,-94.92775,41.72717
144791852_2000,144791852,2000,1912720,Chariton,Iowa,-93.30395,41.01451
