city_fips,name,st,cty_fips,cbsa_fips,cz,rucc,pop_2010,msp,msp_yr,msp_accr,msp_affl,cty_seat
1900190,Ackley,Iowa,19083,0,561,6,1589,0,0,0,0,0
1900595,Afton,Iowa,19175,0,509,6,845,0,0,0,0,0
1900775,Akron,Iowa,19149,43580,4,3,1486,0,0,0,0,0
1900910,Albia,Iowa,19135,0,393,7,3766,0,0,0,0,1
1901135,Algona,Iowa,19109,0,518,7,5560,0,0,0,0,1
1901495,Alta,Iowa,19021,44740,564,7,1883,0,0,0,0,0
1901585,Alton,Iowa,19167,0,504,7,1216,0,0,0,0,0
1901855,Ames,Iowa,19169,11180,15,3,58965,1,2009,1,0,0
1902260,Anita,Iowa,19029,0,597,6,972,0,0,0,0,0
1903520,Atlantic,Iowa,19029,0,597,6,7112,0,0,0,0,1
1903655,Audubon,Iowa,19009,0,597,8,2176,0,0,0,0,1
1905365,Bedford,Iowa,19173,0,509,9,1440,0,0,0,0,1
1905635,Bellevue,Iowa,19097,0,344,6,2191,0,0,0,0,0
1905680,Belmond,Iowa,19197,0,401,7,2376,0,0,0,0,0
1907030,Bloomfield,Iowa,19051,36900,393,9,2640,1,1995,1,0,1
1907480,Boone,Iowa,19015,14340,15,6,12661,0,0,0,0,1
1908605,Britt,Iowa,19081,0,304,7,2069,0,0,0,0,0
1908695,Brooklyn,Iowa,19157,0,455,7,1468,0,0,0,0,0
1909550,Burlington,Iowa,19057,15460,192,5,25663,1,1986,1,0,1
1910045,Calmar,Iowa,19191,0,507,7,978,0,0,0,0,0
1911080,Carroll,Iowa,19027,0,621,7,10103,0,0,0,0,1
1911305,Cascade,Iowa,19061,20220,344,3,2159,0,0,0,0,0
1911755,Cedar Falls,Iowa,19013,47940,230,3,39260,1,1987,1,0,0
1912315,Centerville,Iowa,19007,0,393,7,5528,1,2015,1,0,1
1912720,Chariton,Iowa,19117,0,526,6,4321,1,2012,1,0,1
1912765,Charles City,Iowa,19067,0,507,7,7652,1,1996,1,0,1
1913080,Cherokee,Iowa,19035,0,564,6,5253,0,0,0,0,1
1913575,Clarinda,Iowa,19145,0,295,6,5572,0,0,0,0,1
1913620,Clarion,Iowa,19197,0,401,7,2850,0,0,0,0,1
1913755,Clarksville,Iowa,19023,0,230,8,1439,0,0,0,0,0
1914025,Clear Lake,Iowa,19033,32380,304,5,7777,0,0,0,0,0
1914430,Clinton,Iowa,19045,17540,344,4,26885,0,0,0,0,1
1915060,Colfax,Iowa,19099,35500,455,6,2093,1,2009,1,0,0
1916050,Coon Rapids,Iowa,19027,0,621,7,1305,0,0,0,0,0
1916500,Corning,Iowa,19003,0,509,9,1635,1,1990,1,0,1
1916545,Correctionville,Iowa,19193,43580,4,3,821,0,0,0,0,0
1916635,Corydon,Iowa,19185,0,526,9,1585,0,0,0,0,1
1917220,Cresco,Iowa,19089,0,507,6,3868,0,0,0,0,1
1917265,Creston,Iowa,19175,0,509,6,7834,0,0,0,0,1
1919405,Decorah,Iowa,19191,0,507,7,8127,0,0,0,0,1
1919945,Denison,Iowa,19047,0,564,7,8298,0,0,0,0,1
1921180,De Witt,Iowa,19045,17540,344,4,5322,0,0,0,0,0
1922395,Dubuque,Iowa,19061,20220,344,3,57637,1,1985,1,0,1
1923115,Dyersville,Iowa,19061,20220,344,3,4058,0,0,0,0,0
1923250,Eagle Grove,Iowa,19197,0,401,7,3583,0,0,0,0,0
1924420,Eldon,Iowa,19179,36900,393,5,927,0,0,0,0,0
1924465,Eldora,Iowa,19083,0,561,6,2732,0,0,0,0,1
1924690,Elkader,Iowa,19043,0,470,8,1273,1,1991,1,0,1
1925590,Emmetsburg,Iowa,19147,0,518,7,3904,0,0,0,0,1
1925860,Estherville,Iowa,19063,0,518,7,6360,0,0,0,0,1
1926265,Exira,Iowa,19009,0,597,8,840,0,0,0,0,0
1926445,Fairfield,Iowa,19101,21840,478,7,9464,0,0,0,0,1
1927165,Fayette,Iowa,19065,0,230,6,1338,0,0,0,0,0
1928380,Forest City,Iowa,19189,0,304,7,4151,0,0,0,0,1
1928515,Fort Dodge,Iowa,19187,22700,401,5,25206,0,0,0,0,1
1928605,Fort Madison,Iowa,19111,22800,192,5,11051,1,2009,1,0,1
1929955,Garner,Iowa,19081,0,304,7,3129,0,0,0,0,1
1930225,George,Iowa,19119,0,504,8,1080,0,0,0,0,0
1931710,Gowrie,Iowa,19187,22700,401,5,1037,0,0,0,0,0
1931980,Grand Junction,Iowa,19073,0,621,6,824,0,0,0,0,0
1932745,Greene,Iowa,19023,0,230,8,1130,0,0,0,0,0
1932790,Greenfield,Iowa,19001,0,15,8,1982,1,1995,1,0,1
1933105,Grinnell,Iowa,19157,0,455,7,9218,0,0,0,0,0
1933150,Griswold,Iowa,19029,0,597,6,1036,0,0,0,0,0
1933195,Grundy Center,Iowa,19075,47940,230,3,2706,1,2015,1,0,1
1933465,Guttenberg,Iowa,19043,0,470,8,1919,0,0,0,0,0
1933780,Hamburg,Iowa,19071,0,295,8,1187,0,0,0,0,0
1933960,Hampton,Iowa,19069,0,561,7,4461,1,1991,1,0,1
1934500,Harlan,Iowa,19165,0,597,6,5106,0,0,0,0,1
1934725,Hartley,Iowa,19141,0,504,7,1672,0,0,0,0,0
1935265,Hawarden,Iowa,19167,0,504,7,2546,0,0,0,0,0
1936840,Holstein,Iowa,19093,0,564,8,1396,0,0,0,0,0
1937515,Hull,Iowa,19167,0,504,7,2175,0,0,0,0,0
1937560,Humboldt,Iowa,19091,0,401,7,4690,0,0,0,0,0
1938010,Ida Grove,Iowa,19093,0,564,8,2142,0,0,0,0,1
1938100,Independence,Iowa,19019,0,230,6,5966,0,0,0,0,1
1938595,Iowa City,Iowa,19103,26980,161,3,67862,0,0,0,0,1
1938640,Iowa Falls,Iowa,19083,0,561,6,5238,1,1990,1,0,0
1939450,Jefferson,Iowa,19073,0,621,6,4345,1,2012,1,0,1
1939675,Jewell Junction,Iowa,19079,0,401,6,1215,0,0,0,0,0
1940845,Keokuk,Iowa,19111,22800,192,5,10780,1,1986,1,0,0
1940935,Keosauqua,Iowa,19177,0,478,9,1006,0,0,0,0,1
1940980,Keota,Iowa,19107,0,393,8,1009,0,0,0,0,0
1941385,Kingsley,Iowa,19149,43580,4,3,1411,0,0,0,0,0
1942015,Knoxville,Iowa,19125,0,393,6,7313,0,0,0,0,1
1942465,Lake City,Iowa,19025,0,401,9,1727,0,0,0,0,0
1942555,Lake Mills,Iowa,19189,0,304,7,2100,0,0,0,0,0
1942690,Lake View,Iowa,19161,0,564,9,1142,0,0,0,0,0
1942960,Lamoni,Iowa,19053,0,526,9,2324,0,0,0,0,0
1943275,Lansing,Iowa,19005,0,470,6,999,1,2012,1,0,0
1943365,La Porte City,Iowa,19013,47940,230,3,2285,0,0,0,0,0
1943725,Laurens,Iowa,19151,0,564,9,1258,0,0,0,0,0
1944400,Le Mars,Iowa,19149,43580,4,3,9826,1,1995,1,0,1
1944490,Lenox,Iowa,19173,0,509,9,1407,0,0,0,0,0
1944535,Leon,Iowa,19053,0,526,9,1977,0,0,0,0,1
1948000,McGregor,Iowa,19043,0,470,8,871,0,0,0,0,0
1948450,Madrid,Iowa,19015,14340,15,6,2543,0,0,0,0,0
1948810,Manchester,Iowa,19055,0,344,6,5179,0,0,0,0,1
1948855,Manilla,Iowa,19047,0,564,7,776,0,0,0,0,0
1948900,Manly,Iowa,19195,32380,304,9,1323,0,0,0,0,0
1948945,Manning,Iowa,19027,0,621,7,1500,1,2009,1,0,0
1948990,Manson,Iowa,19025,0,401,9,1690,0,0,0,0,0
1949170,Mapleton,Iowa,19133,0,4,6,1224,0,0,0,0,0
1949215,Maquoketa,Iowa,19097,0,344,6,6141,0,0,0,0,1
1949350,Marcus,Iowa,19035,0,564,6,1117,0,0,0,0,0
1949395,Marengo,Iowa,19095,0,161,6,2528,0,0,0,0,1
1949755,Marshalltown,Iowa,19127,32260,455,4,27552,1,2002,1,0,1
1950160,Mason City,Iowa,19033,32380,304,5,28079,1,2004,1,0,1
1950935,Melcher-Dallas,Iowa,19125,0,393,6,1288,0,0,0,0,0
1952095,Milford,Iowa,19059,44020,518,7,2898,0,0,0,0,0
1953310,Monona,Iowa,19043,0,470,8,1549,0,0,0,0,0
1953355,Monroe,Iowa,19099,35500,455,6,1830,0,0,0,0,0
1953490,Montezuma,Iowa,19157,0,455,7,1462,0,0,0,0,1
1954480,Mount Ayr,Iowa,19159,0,509,9,1691,0,0,0,0,1
1954705,Mount Pleasant,Iowa,19087,0,192,6,8668,1,2002,1,0,1
1955110,Muscatine,Iowa,19139,34700,161,4,22886,0,0,0,0,1
1955335,Nashua,Iowa,19037,0,507,6,1663,0,0,0,0,0
1955695,Nevada,Iowa,19169,11180,15,3,6798,0,0,0,0,1
1956100,New Hampton,Iowa,19037,0,507,6,3571,1,1993,1,0,1
1956325,New London,Iowa,19087,0,192,6,1897,0,0,0,0,0
1956460,New Sharon,Iowa,19123,36820,393,7,1293,0,0,0,0,0
1956505,Newton,Iowa,19099,35500,455,6,15254,1,2014,1,0,1
1956910,Nora Springs,Iowa,19067,0,507,7,1431,0,0,0,0,0
1957630,Northwood,Iowa,19195,32380,304,9,1989,0,0,0,0,1
1958575,Odebolt,Iowa,19161,0,564,9,1013,0,0,0,0,0
1958620,Oelwein,Iowa,19065,0,230,6,6415,0,0,0,0,0
1958665,Ogden,Iowa,19015,14340,15,6,2044,0,0,0,0,0
1959115,Onawa,Iowa,19133,0,4,6,2998,0,0,0,0,1
1959475,Orange City,Iowa,19167,0,504,7,6004,0,0,0,0,1
1959745,Osage,Iowa,19131,0,507,7,3619,0,0,0,0,1
1959835,Osceola,Iowa,19039,0,526,6,4929,1,1997,1,0,1
1959925,Oskaloosa,Iowa,19123,36820,393,7,11463,1,1986,1,0,1
1960465,Ottumwa,Iowa,19179,36900,393,5,25023,1,2006,1,0,1
1961590,Parkersburg,Iowa,19023,0,230,8,1870,0,0,0,0,0
1961905,Paullina,Iowa,19141,0,504,7,1056,0,0,0,0,0
1962040,Pella,Iowa,19125,0,393,6,10352,0,0,0,0,0
1963975,Pocahontas,Iowa,19151,0,564,9,1789,0,0,0,0,1
1964290,Postville,Iowa,19005,0,470,6,2227,0,0,0,0,0
1964650,Primghar,Iowa,19141,0,504,7,909,0,0,0,0,1
1966135,Red Oak,Iowa,19137,0,295,6,5742,0,0,0,0,1
1966315,Reinbeck,Iowa,19075,47940,230,3,1664,0,0,0,0,0
1966405,Remsen,Iowa,19149,43580,4,3,1663,0,0,0,0,0
1968070,Rockford,Iowa,19067,0,507,7,860,0,0,0,0,0
1968160,Rock Rapids,Iowa,19119,0,504,8,2549,0,0,0,0,1
1968205,Rock Valley,Iowa,19167,0,504,7,3354,0,0,0,0,0
1968295,Rockwell City,Iowa,19025,0,401,9,1709,0,0,0,0,1
1969645,Sac City,Iowa,19161,0,564,9,2220,1,1996,1,0,1
1970410,Sanborn,Iowa,19141,0,504,7,1404,0,0,0,0,0
1972210,Sheffield,Iowa,19069,0,561,7,1172,0,0,0,0,0
1972390,Sheldon,Iowa,19141,0,504,7,5188,0,0,0,0,0
1972525,Shenandoah,Iowa,19145,0,295,6,5150,0,0,0,0,0
1972975,Sibley,Iowa,19143,0,504,7,2798,0,0,0,0,1
1973065,Sidney,Iowa,19071,0,295,8,1138,0,0,0,0,1
1973110,Sigourney,Iowa,19107,0,393,8,2059,0,0,0,0,1
1973290,Sioux Center,Iowa,19167,0,504,7,7048,0,0,0,0,0
1973425,Sioux Rapids,Iowa,19021,44740,564,7,775,0,0,0,0,0
1974280,Spencer,Iowa,19041,43980,518,7,11233,1,1987,1,0,1
1974415,Spirit Lake,Iowa,19059,44020,518,7,4840,0,0,0,0,1
1975135,State Center,Iowa,19127,32260,455,4,1468,1,2000,1,0,0
1975630,Storm Lake,Iowa,19021,44740,564,7,10600,0,0,0,0,1
1975675,Story City,Iowa,19169,11180,15,3,3431,1,2000,1,0,0
1975855,Strawberry Point,Iowa,19043,0,470,8,1279,0,0,0,0,0
1976260,Sumner,Iowa,19017,47940,230,3,2028,0,0,0,0,0
1976935,Tabor,Iowa,19071,0,295,8,1040,0,0,0,0,0
1977115,Tama,Iowa,19171,0,455,6,2877,0,0,0,0,0
1978285,Tipton,Iowa,19031,0,161,6,3221,0,0,0,0,1
1978510,Toledo,Iowa,19171,0,455,6,2341,0,0,0,0,1
1978735,Traer,Iowa,19171,0,455,6,1703,0,0,0,0,0
1978915,Tripoli,Iowa,19017,47940,230,3,1313,0,0,0,0,0
1980985,Villisca,Iowa,19137,0,295,6,1252,0,0,0,0,0
1982200,Wapello,Iowa,19115,0,161,8,2067,0,0,0,0,1
1982335,Washington,Iowa,19183,26980,161,3,7266,1,2008,1,0,1
1982425,Waterloo,Iowa,19013,47940,230,3,68406,1,1996,1,0,1
1982740,Waukon,Iowa,19005,0,470,6,3897,0,0,0,0,1
1982875,Waverly,Iowa,19017,47940,230,3,9874,1,1989,1,0,1
1983145,Webster City,Iowa,19079,0,401,6,8070,1,1991,1,0,1
1983280,Wellman,Iowa,19183,26980,161,3,1408,0,0,0,0,0
1983685,West Burlington,Iowa,19057,15460,192,5,2968,0,0,0,0,0
1984315,West Liberty,Iowa,19139,34700,161,4,3736,0,0,0,0,0
1984765,West Union,Iowa,19065,0,230,6,2486,1,2006,1,0,1
1985845,Williamsburg,Iowa,19095,0,161,6,3068,0,0,0,0,0
1986070,Wilton,Iowa,19139,34700,161,4,2802,0,0,0,0,0
1986385,Winfield,Iowa,19087,0,192,6,1134,0,0,0,0,0
2600440,Adrian,Michigan,26091,10300,513,4,21133,0,0,0,0,1
2600980,Albion,Michigan,26025,12980,284,3,8616,0,0,0,0,0
2601260,Allegan,Michigan,26005,26090,249,4,4998,0,0,0,0,1
2601540,Alma,Michigan,26057,10940,352,6,9383,0,0,0,0,0
2601740,Alpena,Michigan,26007,10980,322,7,10483,0,0,0,0,1
2604740,Bad Axe,Michigan,26063,0,583,7,3129,0,0,0,0,1
2605320,Baraga,Michigan,26013,0,13,9,2053,0,0,0,0,0
2605920,Battle Creek,Michigan,26025,12980,284,3,52347,0,0,0,0,0
2606020,Bay City,Michigan,26017,13020,352,3,34932,0,0,0,0,1
2606900,Belding,Michigan,26067,26960,249,4,5757,0,0,0,0,0
2607520,Benton Harbor,Michigan,26021,35660,408,3,10038,0,0,0,0,0
2607860,Berrien Springs,Michigan,26021,35660,408,3,1800,0,0,0,0,0
2607960,Bessemer,Michigan,26053,0,130,7,1905,0,0,0,0,1
2608300,Big Rapids,Michigan,26107,13660,172,6,10601,0,0,0,0,1
2609000,Blissfield,Michigan,26091,10300,513,4,3340,1,2010,1,0,0
2609820,Boyne City,Michigan,26029,0,395,7,3735,1,2003,1,0,0
2610860,Bronson,Michigan,26023,17740,284,6,2349,0,0,0,0,0
2611400,Buchanan,Michigan,26021,35660,408,3,4456,0,0,0,0,0
2612320,Cadillac,Michigan,26165,15620,172,7,10355,0,0,0,0,1
2613420,Caro,Michigan,26157,0,583,6,4229,0,0,0,0,1
2613860,Caspian,Michigan,26071,0,111,7,906,0,0,0,0,0
2613880,Cass City,Michigan,26157,0,583,6,2428,0,0,0,0,0
2614780,Charlevoix,Michigan,26029,0,395,7,2513,1,2015,0,1,1
2615000,Cheboygan,Michigan,26031,0,395,7,4867,0,0,0,0,1
2615140,Chesaning,Michigan,26145,40980,352,3,2394,0,0,0,0,0
2615920,Clare,Michigan,26035,0,352,6,3118,0,0,0,0,0
2616480,Clinton,Michigan,26091,10300,513,4,2336,0,0,0,0,0
2617020,Coldwater,Michigan,26023,17740,284,6,10945,0,0,0,0,1
2617840,Constantine,Michigan,26149,44780,284,4,2076,0,0,0,0,0
2618300,Corunna,Michigan,26155,37020,53,4,3497,0,0,0,0,1
2618920,Croswell,Michigan,26151,0,232,6,2447,0,0,0,0,0
2619140,Crystal Falls,Michigan,26071,0,111,7,1469,0,0,0,0,1
2623380,Dundee,Michigan,26115,33780,77,3,3957,0,0,0,0,0
2623500,Durand,Michigan,26155,37020,53,4,3446,0,0,0,0,0
2624020,East Jordan,Michigan,26029,0,395,7,2351,0,0,0,0,0
2624420,East Tawas,Michigan,26069,0,322,7,2808,0,0,0,0,0
2626360,Escanaba,Michigan,26041,21540,519,5,12616,0,0,0,0,1
2626420,Essexville,Michigan,26017,13020,352,3,3478,0,0,0,0,0
2626640,Evart,Michigan,26133,0,172,9,1903,0,0,0,0,0
2630200,Frankenmuth,Michigan,26145,40980,352,3,4944,0,0,0,0,0
2630260,Frankfort,Michigan,26019,45900,104,9,1286,0,0,0,0,0
2630700,Fremont,Michigan,26123,0,249,6,4081,0,0,0,0,0
2631720,Gaylord,Michigan,26137,0,322,7,3645,0,0,0,0,1
2632300,Gladstone,Michigan,26041,21540,519,5,4973,0,0,0,0,0
2632320,Gladwin,Michigan,26051,0,352,6,2933,0,0,0,0,1
2634640,Grayling,Michigan,26039,0,388,7,1884,1,2014,0,1,1
2636300,Hancock,Michigan,26061,26340,13,5,4634,0,0,0,0,0
2636460,Harbor Beach,Michigan,26063,0,583,7,1703,0,0,0,0,0
2636560,Harbor Springs,Michigan,26047,0,395,7,1194,0,0,0,0,0
2636920,Hart,Michigan,26127,0,249,6,2126,1,2010,1,0,1
2638460,Hillsdale,Michigan,26059,25880,513,6,8305,0,0,0,0,1
2638920,Homer,Michigan,26025,12980,284,3,1668,0,0,0,0,0
2639360,Houghton,Michigan,26061,26340,13,5,7708,0,0,0,0,1
2639720,Hudson,Michigan,26091,10300,513,4,2307,0,0,0,0,0
2640860,Ionia,Michigan,26067,26960,249,4,11394,0,0,0,0,1
2640960,Iron Mountain,Michigan,26043,27020,111,7,7624,0,0,0,0,1
2640980,Iron River,Michigan,26071,0,111,7,3029,0,0,0,0,0
2641060,Ironwood,Michigan,26053,0,130,7,5387,0,0,0,0,0
2641220,Ishpeming,Michigan,26103,32100,519,5,6470,0,0,0,0,0
2641340,Ithaca,Michigan,26057,10940,352,6,2910,0,0,0,0,1
2641420,Jackson,Michigan,26075,27100,513,3,33534,0,0,0,0,1
2641920,Jonesville,Michigan,26059,25880,513,6,2258,0,0,0,0,0
2642260,Kalkaska,Michigan,26079,45900,104,7,2020,0,0,0,0,1
2643300,Kingsford,Michigan,26043,27020,111,7,5133,0,0,0,0,0
2644780,Lake Linden,Michigan,26061,26340,13,5,1007,0,0,0,0,0
2644880,Lake Odessa,Michigan,26067,26960,249,4,2018,0,0,0,0,0
2645540,L'Anse,Michigan,26013,0,13,9,2011,0,0,0,0,1
2646360,Laurium,Michigan,26061,26340,13,5,1977,0,0,0,0,0
2649640,Ludington,Michigan,26105,31220,574,7,8076,0,0,0,0,1
2650620,Mancelona,Michigan,26009,0,104,9,1390,0,0,0,0,0
2650720,Manistee,Michigan,26101,0,574,7,6226,0,0,0,0,1
2650760,Manistique,Michigan,26153,0,519,7,3097,0,0,0,0,1
2650880,Manton,Michigan,26165,15620,172,7,1287,0,0,0,0,0
2651820,Marlette,Michigan,26151,0,232,6,1875,0,0,0,0,0
2651900,Marquette,Michigan,26103,32100,519,5,21355,0,0,0,0,1
2651940,Marshall,Michigan,26025,12980,284,3,7088,0,0,0,0,1
2653020,Menominee,Michigan,26109,31940,111,7,8599,0,0,0,0,1
2653780,Midland,Michigan,26111,33220,352,3,41863,0,0,0,0,1
2655020,Monroe,Michigan,26115,33780,77,3,20733,0,0,0,0,1
2655100,Montague,Michigan,26121,34740,249,3,2361,0,0,0,0,0
2655500,Morenci,Michigan,26091,10300,513,4,2220,0,0,0,0,0
2656020,Mount Pleasant,Michigan,26073,34380,352,4,26016,0,0,0,0,1
2656200,Munising,Michigan,26003,0,519,7,2355,0,0,0,0,1
2656320,Muskegon,Michigan,26121,34740,249,3,38401,0,0,0,0,1
2656360,Muskegon Heights,Michigan,26121,34740,249,3,10856,0,0,0,0,0
2656860,Negaunee,Michigan,26103,32100,519,5,4568,0,0,0,0,0
2657080,Newaygo,Michigan,26123,0,249,6,1976,0,0,0,0,0
2657140,Newberry,Michigan,26095,0,508,7,1519,0,0,0,0,1
2657220,New Buffalo,Michigan,26021,35660,408,3,1883,0,0,0,0,0
2657760,Niles,Michigan,26021,35660,408,3,11600,1,2004,1,0,0
2658640,North Muskegon,Michigan,26121,34740,249,3,3786,0,0,0,0,0
2659220,Norway,Michigan,26043,27020,111,7,2845,0,0,0,0,0
2660680,Onaway,Michigan,26141,0,322,7,880,0,0,0,0,0
2660860,Ontonagon,Michigan,26131,0,130,9,1494,0,0,0,0,1
2661620,Otsego,Michigan,26005,26090,249,4,3956,1,2012,1,0,0
2661940,Owosso,Michigan,26155,37020,53,4,15194,1,2009,1,0,0
2663820,Petoskey,Michigan,26047,0,395,7,5670,0,0,0,0,1
2664160,Pinconning,Michigan,26017,13020,352,3,1307,0,0,0,0,0
2664740,Plainwell,Michigan,26005,26090,249,4,3804,0,0,0,0,0
2665860,Portland,Michigan,26067,26960,249,4,3883,1,2003,1,0,0
2666640,Quincy,Michigan,26023,17740,284,6,1652,0,0,0,0,0
2667500,Reading,Michigan,26059,25880,513,6,1078,0,0,0,0,0
2667820,Reed City,Michigan,26133,0,172,9,2425,0,0,0,0,1
2669260,Rogers City,Michigan,26141,0,322,7,2827,0,0,0,0,1
2670520,Saginaw,Michigan,26145,40980,352,3,51508,0,0,0,0,1
2670640,St. Charles,Michigan,26145,40980,352,3,2054,0,0,0,0,0
2670840,St. Ignace,Michigan,26097,0,508,7,2452,0,0,0,0,1
2670960,St. Joseph,Michigan,26021,35660,408,3,8365,0,0,0,0,1
2671000,St. Louis,Michigan,26057,10940,352,6,7482,0,0,0,0,0
2671540,Sandusky,Michigan,26151,0,232,6,2679,0,0,0,0,1
2671740,Sault Ste. Marie,Michigan,26033,42300,508,7,14144,1,2017,0,1,1
2672080,Scottville,Michigan,26105,31220,574,7,1214,0,0,0,0,0
2672180,Sebewaing,Michigan,26063,0,583,7,1759,0,0,0,0,0
2672840,Shelby,Michigan,26127,0,249,6,2065,0,0,0,0,0
2675220,South Range,Michigan,26061,26340,13,5,758,0,0,0,0,0
2676960,Sturgis,Michigan,26149,44780,284,4,10994,0,0,0,0,0
2678140,Tawas City,Michigan,26069,0,322,7,1827,0,0,0,0,1
2679120,Tecumseh,Michigan,26091,10300,513,4,8521,0,0,0,0,0
2679720,Three Oaks,Michigan,26021,35660,408,3,1622,0,0,0,0,0
2679760,Three Rivers,Michigan,26149,44780,284,4,7811,1,2014,0,1,0
2680340,Traverse City,Michigan,26055,45900,104,5,14674,0,0,0,0,1
2681360,Union City,Michigan,26023,17740,284,6,1599,0,0,0,0,0
2681840,Vassar,Michigan,26157,0,583,6,2697,0,0,0,0,0
2682780,Wakefield,Michigan,26053,0,130,7,1851,0,0,0,0,0
2684500,Watervliet,Michigan,26021,35660,408,3,1735,0,0,0,0,0
2684880,Wayland,Michigan,26005,26090,249,4,4079,1,2010,1,0,0
2685580,West Branch,Michigan,26129,0,388,9,2139,0,0,0,0,1
2686780,Whitehall,Michigan,26121,34740,249,3,2706,0,0,0,0,0
2686920,White Pigeon,Michigan,26149,44780,284,4,1522,0,0,0,0,0
3900198,Ada,Ohio,39065,0,536,6,5952,0,0,0,0,0
3900464,Adena,Ohio,39081,48260,213,3,759,0,0,0,0,0
3902204,Antwerp,Ohio,39125,0,432,6,1736,0,0,0,0,0
3902330,Arcanum,Ohio,39037,24820,38,6,2129,0,0,0,0,0
3902568,Ashland,Ohio,39005,11740,391,4,20362,1,2014,0,1,1
3902638,Ashtabula,Ohio,39007,11780,170,4,19124,0,0,0,0,0
3902736,Athens,Ohio,39009,11900,442,4,23832,0,0,0,0,1
3903926,Barnesville,Ohio,39013,48540,222,3,4193,0,0,0,0,0
3905074,Bellaire,Ohio,39013,48540,222,3,4278,0,0,0,0,0
3905130,Bellefontaine,Ohio,39091,13340,536,6,13370,0,0,0,0,1
3905228,Bellevue,Ohio,39143,23380,77,4,8202,0,0,0,0,0
3905284,Bellville,Ohio,39139,31900,391,3,1918,0,0,0,0,0
3905424,Belpre,Ohio,39167,31930,81,4,6441,0,0,0,0,0
3906138,Bethesda,Ohio,39013,48540,222,3,1256,0,0,0,0,0
3906908,Blanchester,Ohio,39027,48940,400,6,4243,0,0,0,0,0
3907426,Bluffton,Ohio,39003,30620,404,3,4125,0,0,0,0,0
3908560,Bridgeport,Ohio,39013,48540,222,3,1831,0,0,0,0,0
3909792,Bryan,Ohio,39171,0,432,6,8545,0,0,0,0,1
3910030,Bucyrus,Ohio,39033,15340,391,4,12362,0,0,0,0,1
3910716,Byesville,Ohio,39059,15740,318,6,2438,0,0,0,0,0
3910800,Cadiz,Ohio,39067,0,148,6,3353,0,0,0,0,1
3910940,Caldwell,Ohio,39121,0,318,7,1748,0,0,0,0,1
3910996,Cambridge,Ohio,39059,15740,318,6,10635,1,2004,1,0,1
3912112,Carey,Ohio,39175,0,536,7,3674,0,0,0,0,0
3912868,Celina,Ohio,39107,16380,404,7,10400,0,0,0,0,1
3913778,Chauncey,Ohio,39009,11900,442,4,1049,0,0,0,0,0
3914184,Chillicothe,Ohio,39141,17060,327,4,21901,0,0,0,0,1
3916308,Clyde,Ohio,39143,23380,77,4,6325,0,0,0,0,0
3916532,Coldwater,Ohio,39107,16380,404,7,4427,0,0,0,0,0
3917036,Columbiana,Ohio,39029,41400,296,4,6384,0,0,0,0,0
3918014,Columbus Grove,Ohio,39137,0,404,6,2137,0,0,0,0,0
3918350,Conneaut,Ohio,39007,11780,170,4,12841,0,0,0,0,0
3918504,Continental,Ohio,39137,0,404,6,1153,0,0,0,0,0
3918868,Coshocton,Ohio,39031,18740,148,6,11216,1,2015,0,1,1
3919330,Crestline,Ohio,39033,15340,391,4,4630,0,0,0,0,0
3919344,Creston,Ohio,39169,49300,148,4,2171,0,0,0,0,0
3921308,Defiance,Ohio,39039,19580,432,4,16494,0,0,0,0,1
3921602,Delphos,Ohio,39003,30620,404,3,7101,0,0,0,0,0
3921714,Dennison,Ohio,39157,35420,148,4,2655,0,0,0,0,0
3921812,Deshler,Ohio,39069,0,432,6,1799,0,0,0,0,0
3922456,Dover,Ohio,39157,35420,148,4,12826,0,0,0,0,0
3922568,Doylestown,Ohio,39169,49300,148,4,3051,0,0,0,0,0
3922610,Dresden,Ohio,39119,49780,10,4,1529,0,0,0,0,0
3923730,East Liverpool,Ohio,39029,41400,296,4,11195,0,0,0,0,0
3923940,East Palestine,Ohio,39029,41400,296,4,4721,0,0,0,0,0
3924234,Eaton,Ohio,39135,0,38,6,8407,0,0,0,0,1
3924486,Edgerton,Ohio,39171,0,432,6,2012,0,0,0,0,0
3925144,Elmore,Ohio,39123,38840,77,4,1410,0,0,0,0,0
3927048,Findlay,Ohio,39063,22300,536,4,41202,0,0,0,0,1
3927552,Flushing,Ohio,39013,48540,222,3,879,0,0,0,0,0
3927636,Forest,Ohio,39065,0,536,6,1461,0,0,0,0,0
3927902,Fort Recovery,Ohio,39107,16380,404,7,1430,0,0,0,0,0
3928014,Fostoria,Ohio,39147,45660,536,4,13441,0,0,0,0,0
3928658,Fredericktown,Ohio,39083,34540,10,4,2493,0,0,0,0,0
3928826,Fremont,Ohio,39143,23380,77,4,16734,0,0,0,0,1
3929162,Galion,Ohio,39033,15340,391,4,10512,0,0,0,0,0
3929204,Gallipolis,Ohio,39053,38580,442,6,3641,0,0,0,0,1
3929610,Geneva,Ohio,39007,11780,170,4,6215,0,0,0,0,0
3929722,Genoa,Ohio,39123,38840,77,4,2336,0,0,0,0,0
3930072,Gibsonburg,Ohio,39143,23380,77,4,2581,0,0,0,0,0
3930674,Glouster,Ohio,39009,11900,442,4,1791,0,0,0,0,0
3932088,Greenfield,Ohio,39071,0,400,6,4639,0,0,0,0,0
3932340,Greenville,Ohio,39037,24820,38,6,13227,0,0,0,0,1
3935098,Hicksville,Ohio,39039,19580,432,4,3581,0,0,0,0,0
3935560,Hillsboro,Ohio,39071,0,400,6,6605,0,0,0,0,1
3935854,Holgate,Ohio,39069,0,432,6,1109,0,0,0,0,0
3937016,Huron,Ohio,39043,41780,417,4,7149,0,0,0,0,0
3937842,Jackson,Ohio,39079,27160,327,7,6397,0,0,0,0,1
3938500,Jefferson,Ohio,39007,11780,170,4,3120,0,0,0,0,1
3939886,Kenton,Ohio,39065,0,536,6,8262,0,0,0,0,1
3942560,Leetonia,Ohio,39029,41400,296,4,1959,0,0,0,0,0
3942602,Leipsic,Ohio,39137,0,404,6,2093,0,0,0,0,0
3942938,Lewisburg,Ohio,39135,0,38,6,1820,0,0,0,0,0
3943554,Lima,Ohio,39003,30620,404,3,38771,0,0,0,0,1
3944030,Lisbon,Ohio,39029,41400,296,4,2821,0,0,0,0,1
3945066,Loudonville,Ohio,39005,11740,391,4,2641,0,0,0,0,0
3945696,McArthur,Ohio,39163,0,327,8,1701,0,0,0,0,1
3945808,McComb,Ohio,39063,22300,536,4,1648,0,0,0,0,0
3945822,McConnelsville,Ohio,39115,0,10,6,1784,0,0,0,0,1
3947012,Manchester,Ohio,39001,0,89,6,2023,0,0,0,0,0
3947138,Mansfield,Ohio,39139,31900,391,3,47821,0,0,0,0,1
3947502,Marblehead,Ohio,39123,38840,77,4,903,0,0,0,0,0
3947628,Marietta,Ohio,39167,31930,81,4,14085,1,2013,1,0,1
3947754,Marion,Ohio,39101,32020,391,4,36837,0,0,0,0,1
3948104,Martins Ferry,Ohio,39013,48540,222,3,6915,0,0,0,0,0
3948706,Mechanicsburg,Ohio,39021,46500,38,6,1644,0,0,0,0,0
3949756,Middleport,Ohio,39105,0,442,6,2530,0,0,0,0,0
3950372,Millersburg,Ohio,39075,0,148,7,3025,1,2006,1,0,1
3950904,Mingo Junction,Ohio,39081,48260,213,3,3454,0,0,0,0,0
3950918,Minster,Ohio,39011,47540,404,4,2805,0,0,0,0,0
3951618,Monroeville,Ohio,39077,35940,417,4,1400,0,0,0,0,0
3951772,Montpelier,Ohio,39171,0,432,6,4072,0,0,0,0,0
3953102,Mount Vernon,Ohio,39083,34540,10,4,16990,1,2009,1,0,1
3953550,Napoleon,Ohio,39069,0,432,6,8749,0,0,0,0,1
3953886,Nelsonville,Ohio,39009,11900,442,4,5392,0,0,0,0,0
3954166,New Boston,Ohio,39145,39020,327,4,2272,0,0,0,0,0
3954194,New Bremen,Ohio,39011,47540,404,4,2978,0,0,0,0,0
3954334,New Carlisle,Ohio,39023,44220,38,3,5785,0,0,0,0,0
3954432,Newcomerstown,Ohio,39157,35420,148,4,3822,0,0,0,0,0
3954446,New Concord,Ohio,39119,49780,10,4,2491,0,0,0,0,0
3954908,New London,Ohio,39077,35940,417,4,2461,0,0,0,0,0
3955216,New Philadelphia,Ohio,39157,35420,148,4,17288,0,0,0,0,1
3957302,Norwalk,Ohio,39077,35940,417,4,17012,0,0,0,0,1
3957582,Oak Harbor,Ohio,39123,38840,77,4,2759,0,0,0,0,0
3957596,Oak Hill,Ohio,39079,27160,327,7,1551,0,0,0,0,0
3958828,Orrville,Ohio,39169,49300,148,4,8380,0,0,0,0,0
3958982,Ottawa,Ohio,39137,0,404,6,4460,0,0,0,0,1
3961252,Paulding,Ohio,39125,0,432,6,3605,0,0,0,0,1
3961322,Payne,Ohio,39125,0,432,6,1194,0,0,0,0,0
3961420,Peebles,Ohio,39001,0,89,6,1782,0,0,0,0,0
3963800,Plymouth,Ohio,39139,31900,391,3,1857,0,0,0,0,0
3964024,Pomeroy,Ohio,39105,0,442,6,1852,0,0,0,0,1
3964150,Port Clinton,Ohio,39123,38840,77,4,6056,1,2015,0,1,1
3964304,Portsmouth,Ohio,39145,39020,327,4,20226,1,2007,1,0,1
3964542,Powhatan Point,Ohio,39013,48540,222,3,1592,0,0,0,0,0
3964780,Prospect,Ohio,39101,32020,391,4,1112,0,0,0,0,0
3967356,Rittman,Ohio,39169,49300,148,4,6491,0,0,0,0,0
3967874,Rockford,Ohio,39107,16380,404,7,1120,0,0,0,0,0
3969400,Sabina,Ohio,39027,48940,400,6,2564,0,0,0,0,0
3969526,St. Clairsville,Ohio,39013,48540,222,3,5184,0,0,0,0,1
3969680,St. Marys,Ohio,39011,47540,404,4,8332,0,0,0,0,0
3969708,St. Paris,Ohio,39021,46500,38,6,2089,0,0,0,0,0
3969834,Salem,Ohio,39029,41400,296,4,12303,0,0,0,0,0
3970100,Salineville,Ohio,39029,41400,296,4,1311,0,0,0,0,0
3970380,Sandusky,Ohio,39043,41780,417,4,25793,0,0,0,0,1
3970814,Scio,Ohio,39067,0,148,6,763,0,0,0,0,0
3971640,Shadyside,Ohio,39013,48540,222,3,3785,0,0,0,0,0
3972102,Shelby,Ohio,39139,31900,391,3,9317,0,0,0,0,0
3972396,Shreve,Ohio,39169,49300,148,4,1514,0,0,0,0,0
3972424,Sidney,Ohio,39149,43380,38,4,21229,0,0,0,0,1
3972760,Smithfield,Ohio,39081,48260,213,3,869,0,0,0,0,0
3973124,South Charleston,Ohio,39023,44220,38,3,1693,0,0,0,0,0
3973894,South Zanesville,Ohio,39119,49780,10,4,1989,0,0,0,0,0
3974034,Spencerville,Ohio,39003,30620,404,3,2223,0,0,0,0,0
3974118,Springfield,Ohio,39023,44220,38,3,60608,0,0,0,0,1
3974608,Steubenville,Ohio,39081,48260,213,3,18659,0,0,0,0,1
3974958,Strasburg,Ohio,39157,35420,148,4,2608,0,0,0,0,0
3975140,Stryker,Ohio,39171,0,432,6,1335,0,0,0,0,0
3976778,Tiffin,Ohio,39147,45660,536,4,17963,1,2015,1,0,1
3976806,Tiltonsville,Ohio,39081,48260,213,3,1372,0,0,0,0,0
3977112,Toronto,Ohio,39081,48260,213,3,5091,0,0,0,0,0
3978176,Uhrichsville,Ohio,39157,35420,148,4,5413,0,0,0,0,0
3978624,Union City,Ohio,39037,24820,38,6,1666,0,0,0,0,0
3979044,Upper Sandusky,Ohio,39175,0,536,7,6596,0,0,0,0,1
3979072,Urbana,Ohio,39021,46500,38,6,11793,1,2014,0,1,1
3979562,Van Wert,Ohio,39161,46780,404,6,10846,1,2004,1,0,1
3979912,Versailles,Ohio,39037,24820,38,6,2687,0,0,0,0,0
3980766,Wapakoneta,Ohio,39011,47540,404,4,9867,0,0,0,0,1
3981718,Washington Court House,Ohio,39047,47920,400,6,14192,0,0,0,0,0
3981942,Waverly City,Ohio,39131,0,327,7,4408,0,0,0,0,1
3982712,Wellston,Ohio,39079,27160,327,7,5663,0,0,0,0,0
3982740,Wellsville,Ohio,39029,41400,296,4,3541,0,0,0,0,0
3983608,West Lafayette,Ohio,39031,18740,148,6,2321,0,0,0,0,0
3983734,West Liberty,Ohio,39091,13340,536,6,1805,0,0,0,0,0
3984294,West Union,Ohio,39001,0,89,6,3241,0,0,0,0,1
3985232,Willard,Ohio,39077,35940,417,4,6236,0,0,0,0,0
3985792,Wilmington,Ohio,39027,48940,400,6,12520,1,2014,0,1,1
3986436,Woodsfield,Ohio,39111,0,222,8,2384,0,0,0,0,1
3986492,Woodville,Ohio,39143,23380,77,4,2135,0,0,0,0,0
3986548,Wooster,Ohio,39169,49300,148,4,26119,1,2004,1,0,1
3987178,Yorkville,Ohio,39081,48260,213,3,1079,0,0,0,0,0
3988084,Zanesville,Ohio,39119,49780,10,4,25487,0,0,0,0,1
5500275,Adams,Wisconsin,55001,0,223,8,1967,0,0,0,0,0
5501225,Alma,Wisconsin,55011,0,204,8,781,0,0,0,0,1
5501550,Altoona,Wisconsin,55035,20740,204,3,6706,0,0,0,0,0
5501725,Amery,Wisconsin,55095,0,567,6,2902,0,0,0,0,0
5502250,Antigo,Wisconsin,55067,0,263,6,8234,0,0,0,0,1
5502375,Appleton,Wisconsin,55087,11540,233,3,72623,0,0,0,0,1
5502500,Arcadia,Wisconsin,55121,0,204,6,2925,0,0,0,0,0
5503225,Ashland,Wisconsin,55003,0,279,7,8216,0,0,0,0,1
5503825,Augusta,Wisconsin,55035,20740,204,3,1550,0,0,0,0,0
5504625,Baraboo,Wisconsin,55111,12660,223,4,12048,0,0,0,0,1
5504875,Barron,Wisconsin,55005,0,517,6,3423,0,0,0,0,1
5505900,Beaver Dam,Wisconsin,55027,13180,70,4,16214,0,0,0,0,0
5506500,Beloit,Wisconsin,55105,27500,545,3,36966,1,1988,1,0,0
5506925,Berlin,Wisconsin,55047,0,233,6,5524,0,0,0,0,0
5507900,Black River Falls,Wisconsin,55053,0,204,6,3622,0,0,0,0,1
5508225,Bloomer,Wisconsin,55017,20740,204,3,3539,0,0,0,0,0
5508850,Boscobel,Wisconsin,55043,38420,470,6,3231,0,0,0,0,0
5509725,Brillion,Wisconsin,55015,11540,233,3,3148,0,0,0,0,0
5511200,Burlington,Wisconsin,55101,39540,58,3,10464,0,0,0,0,0
5512325,Campbellsport,Wisconsin,55039,22540,233,3,2016,0,0,0,0,0
5514325,Chetek,Wisconsin,55005,0,517,6,2221,0,0,0,0,0
5514475,Chilton,Wisconsin,55015,11540,233,3,3933,0,0,0,0,1
5514575,Chippewa Falls,Wisconsin,55017,20740,204,3,13661,1,1989,1,0,1
5515725,Clintonville,Wisconsin,55135,0,233,6,4559,0,0,0,0,0
5517100,Cornell,Wisconsin,55017,20740,204,3,1467,0,0,0,0,0
5517425,Crandon,Wisconsin,55041,0,263,9,1920,0,0,0,0,1
5517950,Cuba City,Wisconsin,55043,38420,470,6,2086,0,0,0,0,0
5518025,Cumberland,Wisconsin,55005,0,517,6,2170,0,0,0,0,0
5518875,Darlington,Wisconsin,55065,0,545,8,2451,1,1996,1,0,1
5519450,Delavan,Wisconsin,55127,48580,58,4,8463,0,0,0,0,0
5521225,Durand,Wisconsin,55091,0,204,8,1931,0,0,0,0,1
5521625,Eagle River,Wisconsin,55125,0,263,9,1398,1,1999,1,0,1
5522300,Eau Claire,Wisconsin,55035,20740,204,3,65883,0,0,0,0,1
5522575,Edgerton,Wisconsin,55105,27500,545,3,5461,0,0,0,0,0
5523300,Elkhorn,Wisconsin,55127,48580,58,4,10084,0,0,0,0,1
5523800,Elroy,Wisconsin,55057,0,223,7,1442,0,0,0,0,0
5524550,Evansville,Wisconsin,55105,27500,545,3,5012,0,0,0,0,0
5525600,Fennimore,Wisconsin,55043,38420,470,6,2497,0,0,0,0,0
5526275,Fond du Lac,Wisconsin,55039,22540,233,3,43021,1,2004,1,0,1
5526675,Fort Atkinson,Wisconsin,55055,48020,70,4,12368,0,0,0,0,0
5527000,Fox Lake,Wisconsin,55027,13180,70,4,1519,0,0,0,0,0
5528200,Galesville,Wisconsin,55121,0,204,6,1481,0,0,0,0,0
5533450,Hayward,Wisconsin,55113,0,517,7,2318,0,0,0,0,1
5534825,Hillsboro,Wisconsin,55123,0,186,6,1417,0,0,0,0,0
5535750,Horicon,Wisconsin,55027,13180,70,4,3655,0,0,0,0,0
5536525,Hurley,Wisconsin,55051,0,130,9,1547,0,0,0,0,1
5536800,Independence,Wisconsin,55121,0,204,6,1336,0,0,0,0,0
5537825,Janesville,Wisconsin,55105,27500,545,3,63575,0,0,0,0,1
5537900,Jefferson,Wisconsin,55055,48020,70,4,7973,0,0,0,0,1
5538675,Juneau,Wisconsin,55027,13180,70,4,2814,0,0,0,0,1
5538800,Kaukauna,Wisconsin,55087,11540,233,3,15462,0,0,0,0,0
5539525,Kiel,Wisconsin,55071,31820,586,4,3738,0,0,0,0,0
5539650,Kimberly,Wisconsin,55087,11540,233,3,6468,0,0,0,0,0
5540275,Kohler,Wisconsin,55117,43100,586,3,2120,0,0,0,0,0
5540775,La Crosse,Wisconsin,55063,29100,186,3,51320,1,2014,1,0,1
5540850,Ladysmith,Wisconsin,55107,0,517,6,3414,1,2013,1,0,1
5541450,Lake Geneva,Wisconsin,55127,48580,58,4,7651,0,0,0,0,0
5541675,Lake Mills,Wisconsin,55055,48020,70,4,5708,1,2006,1,0,0
5542250,Lancaster,Wisconsin,55043,38420,470,6,3868,0,0,0,0,1
5544950,Little Chute,Wisconsin,55087,11540,233,3,10449,0,0,0,0,0
5548500,Manitowoc,Wisconsin,55071,31820,586,4,33736,0,0,0,0,1
5549300,Marinette,Wisconsin,55075,31940,111,6,10968,0,0,0,0,1
5549400,Marion,Wisconsin,55135,0,233,6,1260,0,0,0,0,0
5549675,Marshfield,Wisconsin,55141,49220,366,4,19118,1,1990,1,0,0
5550025,Mauston,Wisconsin,55057,0,223,7,4423,0,0,0,0,1
5550200,Mayville,Wisconsin,55027,13180,70,4,5154,1,2018,1,0,0
5550425,Medford,Wisconsin,55119,0,366,6,4326,0,0,0,0,1
5550825,Menasha,Wisconsin,55139,36780,233,3,17353,0,0,0,0,0
5551025,Menomonie,Wisconsin,55033,32860,204,6,16264,1,2015,1,0,1
5551250,Merrill,Wisconsin,55069,32980,366,6,9661,0,0,0,0,1
5552200,Milton,Wisconsin,55105,27500,545,3,5546,0,0,0,0,0
5553600,Mondovi,Wisconsin,55011,0,204,8,2777,0,0,0,0,0
5553875,Montello,Wisconsin,55077,0,223,8,1495,0,0,0,0,1
5554075,Montreal,Wisconsin,55051,0,130,9,807,0,0,0,0,0
5554500,Mosinee,Wisconsin,55073,48140,366,3,3988,0,0,0,0,0
5555750,Neenah,Wisconsin,55139,36780,233,3,25501,0,0,0,0,0
5555800,Neillsville,Wisconsin,55019,0,366,6,2463,0,0,0,0,1
5555875,Nekoosa,Wisconsin,55141,49220,366,4,2580,0,0,0,0,0
5556800,New Holstein,Wisconsin,55015,11540,233,3,3236,0,0,0,0,0
5556900,New Lisbon,Wisconsin,55057,0,223,7,2554,0,0,0,0,0
5556925,New London,Wisconsin,55135,0,233,6,7295,0,0,0,0,0
5557325,Niagara,Wisconsin,55075,31940,111,6,1624,0,0,0,0,0
5558000,North Fond du Lac,Wisconsin,55039,22540,233,3,5014,0,0,0,0,0
5559875,Omro,Wisconsin,55139,36780,233,3,3517,1,2011,1,0,0
5559925,Onalaska,Wisconsin,55063,29100,186,3,17736,0,0,0,0,0
5560500,Oshkosh,Wisconsin,55139,36780,233,3,66083,0,0,0,0,1
5560575,Osseo,Wisconsin,55121,0,204,6,1701,0,0,0,0,0
5560825,Owen,Wisconsin,55019,0,366,6,940,0,0,0,0,0
5561200,Park Falls,Wisconsin,55099,0,279,9,2462,0,0,0,0,0
5562175,Peshtigo,Wisconsin,55075,31940,111,6,3502,0,0,0,0,0
5562450,Phillips,Wisconsin,55099,0,279,9,1478,0,0,0,0,1
5563250,Platteville,Wisconsin,55043,38420,470,6,11224,1,1999,1,0,0
5563700,Plymouth,Wisconsin,55117,43100,586,3,8445,0,0,0,0,0
5564175,Port Edwards,Wisconsin,55141,49220,366,4,1818,0,0,0,0,0
5565050,Prairie du Chien,Wisconsin,55023,0,470,7,5911,0,0,0,0,1
5565100,Prairie du Sac,Wisconsin,55111,12660,223,4,3972,0,0,0,0,0
5565600,Princeton,Wisconsin,55047,0,233,6,1214,0,0,0,0,0
5566150,Randolph,Wisconsin,55027,13180,70,4,1811,0,0,0,0,0
5566625,Redgranite,Wisconsin,55137,0,233,6,2149,0,0,0,0,0
5566800,Reedsburg,Wisconsin,55111,12660,223,4,9200,0,0,0,0,0
5567200,Rhinelander,Wisconsin,55085,0,263,7,7798,0,0,0,0,1
5567275,Rib Lake,Wisconsin,55119,0,366,6,910,0,0,0,0,0
5567350,Rice Lake,Wisconsin,55005,0,517,6,8438,1,1991,1,0,0
5567625,Richland Center,Wisconsin,55103,0,470,6,5184,0,0,0,0,1
5568175,Ripon,Wisconsin,55039,22540,233,3,7733,1,1988,1,0,0
5570550,St. Croix Falls,Wisconsin,55095,0,567,6,2133,0,0,0,0,0
5571650,Sauk City,Wisconsin,55111,12660,223,4,3410,0,0,0,0,0
5572150,Schofield,Wisconsin,55073,48140,366,3,2169,0,0,0,0,0
5572670,Seymour,Wisconsin,55035,20740,204,3,1418,0,0,0,0,0
5572725,Seymour,Wisconsin,55087,11540,233,3,3451,0,0,0,0,0
5572925,Shawano,Wisconsin,55115,43020,100,6,9305,0,0,0,0,1
5572975,Sheboygan,Wisconsin,55117,43100,586,3,49288,0,0,0,0,1
5573025,Sheboygan Falls,Wisconsin,55117,43100,586,3,7775,1,1988,1,0,0
5573825,Shullsburg,Wisconsin,55065,0,545,8,1226,1,2016,1,0,0
5575325,Sparta,Wisconsin,55081,0,186,6,9522,0,0,0,0,1
5575625,Spooner,Wisconsin,55129,0,517,7,2682,0,0,0,0,0
5576625,Stanley,Wisconsin,55017,20740,204,3,3608,0,0,0,0,0
5577200,Stevens Point,Wisconsin,55097,44620,366,4,26717,0,0,0,0,1
5577750,Stratford,Wisconsin,55073,48140,366,3,1578,0,0,0,0,0
5577875,Sturgeon Bay,Wisconsin,55029,0,100,6,9144,1,1994,1,0,1
5579625,Thorp,Wisconsin,55019,0,366,6,1621,0,0,0,0,0
5580075,Tomah,Wisconsin,55081,0,186,6,9093,0,0,0,0,0
5580125,Tomahawk,Wisconsin,55069,32980,366,6,3397,1,2008,1,0,0
5581325,Two Rivers,Wisconsin,55071,31820,586,4,11712,1,1996,1,0,0
5582925,Viroqua,Wisconsin,55123,0,186,6,4362,1,1989,1,0,1
5583525,Washburn,Wisconsin,55007,0,279,8,2117,0,0,0,0,1
5583925,Waterloo,Wisconsin,55055,48020,70,4,3333,0,0,0,0,0
5583975,Watertown,Wisconsin,55055,48020,70,4,23861,1,2000,1,0,0
5584375,Waupaca,Wisconsin,55135,0,233,6,6069,0,0,0,0,1
5584425,Waupun,Wisconsin,55027,13180,70,4,11340,0,0,0,0,0
5584475,Wausau,Wisconsin,55073,48140,366,3,39106,1,2002,1,0,1
5584625,Wautoma,Wisconsin,55137,0,233,6,2218,0,0,0,0,1
5585475,Westby,Wisconsin,55123,0,186,6,2200,0,0,0,0,0
5586275,West Salem,Wisconsin,55063,29100,186,3,4799,0,0,0,0,0
5586400,Weyauwega,Wisconsin,55135,0,233,6,1900,0,0,0,0,0
5586725,Whitehall,Wisconsin,55121,0,204,6,1558,0,0,0,0,1
5586925,Whitewater,Wisconsin,55127,48580,58,4,14390,0,0,0,0,0
5588200,Wisconsin Rapids,Wisconsin,55141,49220,366,4,18367,0,0,0,0,1
