id,town,cz,rucc,pop_2010,cal_yr,value,val_per_acre,treated,treatment_year,treated_match,post,rel_yr,rel_yr_m3,rel_yr_m2,rel_yr_m1,rel_yr_0,rel_yr_1,rel_yr_2,rel_yr_3,rel_yr_4,rel_yr_5,weights,cz_yr,distance
1009,"Appleton, WI",233,3,72623,2008,3326884100,581216.65,0,2011,"Omro, WI",0,-3,1,0,0,0,0,0,0,0,0,0.043,145,22.7
1009,"Appleton, WI",233,3,72623,2009,3358972100,585186.78,0,2011,"Omro, WI",0,-2,0,1,0,0,0,0,0,0,0,0.043,146,22.7
1009,"Appleton, WI",233,3,72623,2010,3339934400,579648.46,0,2011,"Omro, WI",0,-1,0,0,1,0,0,0,0,0,0,0.043,147,22.7
1009,"Appleton, WI",233,3,72623,2011,3361411700,583375.86,0,2011,"Omro, WI",1,0,0,0,0,1,0,0,0,0,0,0.043,148,22.7
1009,"Appleton, WI",233,3,72623,2012,3372982200,591855.1,0,2011,"Omro, WI",1,1,0,0,0,0,1,0,0,0,0,0.043,149,22.7
1009,"Appleton, WI",233,3,72623,2013,3384096700,593597.04,0,2011,"Omro, WI",1,2,0,0,0,0,0,1,0,0,0,0.043,150,22.7
1009,"Appleton, WI",233,3,72623,2014,3333822100,586424.29,0,2011,"Omro, WI",1,3,0,0,0,0,0,0,1,0,0,0.043,151,22.7
1009,"Appleton, WI",233,3,72623,2015,3359819300,593397.97,0,2011,"Omro, WI",1,4,0,0,0,0,0,0,0,1,0,0.043,152,22.7
1009,"Appleton, WI",233,3,72623,2016,3392464300,597475.22,0,2011,"Omro, WI",1,5,0,0,0,0,0,0,0,0,1,0.043,153,22.7
1016,"Beaver Dam, WI",70,4,16214,2003,625997750,217360.33,0,2006,"Lake Mills, WI",0,-3,1,0,0,0,0,0,0,0,0,0.1,65,26.2
1016,"Beaver Dam, WI",70,4,16214,2004,714791600,255647.93,0,2006,"Lake Mills, WI",0,-2,0,1,0,0,0,0,0,0,0,0.1,66,26.2
1016,"Beaver Dam, WI",70,4,16214,2005,762651600,258001.22,0,2006,"Lake Mills, WI",0,-1,0,0,1,0,0,0,0,0,0,0.1,67,26.2
1016,"Beaver Dam, WI",70,4,16214,2006,810719000,263391.49,0,2006,"Lake Mills, WI",1,0,0,0,0,1,0,0,0,0,0,0.1,68,26.2
1016,"Beaver Dam, WI",70,4,16214,2007,852229600,273676.81,0,2006,"Lake Mills, WI",1,1,0,0,0,0,1,0,0,0,0,0.1,69,26.2
1016,"Beaver Dam, WI",70,4,16214,2008,853775766,273033.5,0,2006,"Lake Mills, WI",1,2,0,0,0,0,0,1,0,0,0,0.1,70,26.2
1016,"Beaver Dam, WI",70,4,16214,2009,853912406,270653.69,0,2006,"Lake Mills, WI",1,3,0,0,0,0,0,0,1,0,0,0.1,71,26.2
1016,"Beaver Dam, WI",70,4,16214,2010,832779349,265047.53,0,2006,"Lake Mills, WI",1,4,0,0,0,0,0,0,0,1,0,0.1,72,26.2
1016,"Beaver Dam, WI",70,4,16214,2011,808002780,257489.73,0,2006,"Lake Mills, WI",1,5,0,0,0,0,0,0,0,0,1,0.1,73,26.2
1024,"Berlin, WI",233,6,5524,2008,281539800,105052.16,0,2011,"Omro, WI",0,-3,1,0,0,0,0,0,0,0,0,0.043,145,11.3
1024,"Berlin, WI",233,6,5524,2009,283795300,106890.89,0,2011,"Omro, WI",0,-2,0,1,0,0,0,0,0,0,0,0.043,146,11.3
1024,"Berlin, WI",233,6,5524,2010,293566500,110696.27,0,2011,"Omro, WI",0,-1,0,0,1,0,0,0,0,0,0,0.043,147,11.3
1024,"Berlin, WI",233,6,5524,2011,296243900,109557.66,0,2011,"Omro, WI",1,0,0,0,0,1,0,0,0,0,0,0.043,148,11.3
1024,"Berlin, WI",233,6,5524,2012,296671300,110204.79,0,2011,"Omro, WI",1,1,0,0,0,0,1,0,0,0,0,0.043,149,11.3
1024,"Berlin, WI",233,6,5524,2013,292650500,108630.48,0,2011,"Omro, WI",1,2,0,0,0,0,0,1,0,0,0,0.043,150,11.3
1024,"Berlin, WI",233,6,5524,2014,292969900,109194.89,0,2011,"Omro, WI",1,3,0,0,0,0,0,0,1,0,0,0.043,151,11.3
1024,"Berlin, WI",233,6,5524,2015,292971700,109073.6,0,2011,"Omro, WI",1,4,0,0,0,0,0,0,0,1,0,0.043,152,11.3
1024,"Berlin, WI",233,6,5524,2016,294373200,109554.6,0,2011,"Omro, WI",1,5,0,0,0,0,0,0,0,0,1,0.043,153,11.3
1031,"Boscobel, WI",470,6,3231,2009,93277500,197621.82,0,2012,"Lansing, IA",0,-3,1,0,0,0,0,0,0,0,0,0.077,268,30.2
1031,"Boscobel, WI",470,6,3231,2010,93393600,197032.91,0,2012,"Lansing, IA",0,-2,0,1,0,0,0,0,0,0,0,0.077,269,30.2
1031,"Boscobel, WI",470,6,3231,2011,93570500,197823.47,0,2012,"Lansing, IA",0,-1,0,0,1,0,0,0,0,0,0,0.077,270,30.2
1031,"Boscobel, WI",470,6,3231,2012,93480800,197633.83,0,2012,"Lansing, IA",1,0,0,0,0,1,0,0,0,0,0,0.077,271,30.2
1031,"Boscobel, WI",470,6,3231,2013,93896500,198512.68,0,2012,"Lansing, IA",1,1,0,0,0,0,1,0,0,0,0,0.077,272,30.2
1031,"Boscobel, WI",470,6,3231,2014,94227000,199211.42,0,2012,"Lansing, IA",1,2,0,0,0,0,0,1,0,0,0,0.077,273,30.2
1031,"Boscobel, WI",470,6,3231,2015,94621200,200044.82,0,2012,"Lansing, IA",1,3,0,0,0,0,0,0,1,0,0,0.077,274,30.2
1031,"Boscobel, WI",470,6,3231,2016,95039600,201355.08,0,2012,"Lansing, IA",1,4,0,0,0,0,0,0,0,1,0,0.077,275,30.2
1031,"Boscobel, WI",470,6,3231,2017,95329700,201969.7,0,2012,"Lansing, IA",1,5,0,0,0,0,0,0,0,0,1,0.077,276,30.2
1038,"Brillion, WI",233,3,3148,2008,172984900,125442.28,0,2011,"Omro, WI",0,-3,1,0,0,0,0,0,0,0,0,0.043,145,35.1
1038,"Brillion, WI",233,3,3148,2009,174837000,123909.99,0,2011,"Omro, WI",0,-2,0,1,0,0,0,0,0,0,0,0.043,146,35.1
1038,"Brillion, WI",233,3,3148,2010,176767800,125545.31,0,2011,"Omro, WI",0,-1,0,0,1,0,0,0,0,0,0,0.043,147,35.1
1038,"Brillion, WI",233,3,3148,2011,178091700,125152.28,0,2011,"Omro, WI",1,0,0,0,0,1,0,0,0,0,0,0.043,148,35.1
1038,"Brillion, WI",233,3,3148,2012,179474900,125069.62,0,2011,"Omro, WI",1,1,0,0,0,0,1,0,0,0,0,0.043,149,35.1
1038,"Brillion, WI",233,3,3148,2013,180717300,126375.73,0,2011,"Omro, WI",1,2,0,0,0,0,0,1,0,0,0,0.043,150,35.1
1038,"Brillion, WI",233,3,3148,2014,182437500,136249.07,0,2011,"Omro, WI",1,3,0,0,0,0,0,0,1,0,0,0.043,151,35.1
1038,"Brillion, WI",233,3,3148,2015,182985900,135947.92,0,2011,"Omro, WI",1,4,0,0,0,0,0,0,0,1,0,0.043,152,35.1
1038,"Brillion, WI",233,3,3148,2016,184903500,136864.17,0,2011,"Omro, WI",1,5,0,0,0,0,0,0,0,0,1,0.043,153,35.1
1050,"Campbellsport, WI",233,3,2016,2008,84464800,681167.74,0,2011,"Omro, WI",0,-3,1,0,0,0,0,0,0,0,0,0.043,145,38.1
1050,"Campbellsport, WI",233,3,2016,2009,85207300,692742.28,0,2011,"Omro, WI",0,-2,0,1,0,0,0,0,0,0,0,0.043,146,38.1
1050,"Campbellsport, WI",233,3,2016,2010,85286200,693383.74,0,2011,"Omro, WI",0,-1,0,0,1,0,0,0,0,0,0,0.043,147,38.1
1050,"Campbellsport, WI",233,3,2016,2011,85432500,694573.17,0,2011,"Omro, WI",1,0,0,0,0,1,0,0,0,0,0,0.043,148,38.1
1050,"Campbellsport, WI",233,3,2016,2012,85332800,699449.18,0,2011,"Omro, WI",1,1,0,0,0,0,1,0,0,0,0,0.043,149,38.1
1050,"Campbellsport, WI",233,3,2016,2013,84921100,765054.95,0,2011,"Omro, WI",1,2,0,0,0,0,0,1,0,0,0,0.043,150,38.1
1050,"Campbellsport, WI",233,3,2016,2014,84577800,761962.16,0,2011,"Omro, WI",1,3,0,0,0,0,0,0,1,0,0,0.043,151,38.1
1050,"Campbellsport, WI",233,3,2016,2015,84430000,760630.63,0,2011,"Omro, WI",1,4,0,0,0,0,0,0,0,1,0,0.043,152,38.1
1050,"Campbellsport, WI",233,3,2016,2016,83771300,654463.28,0,2011,"Omro, WI",1,5,0,0,0,0,0,0,0,0,1,0.043,153,38.1
1062,"Chilton, WI",233,3,3933,2008,162045500,109342.44,0,2011,"Omro, WI",0,-3,1,0,0,0,0,0,0,0,0,0.043,145,28.9
1062,"Chilton, WI",233,3,3933,2009,206292000,137528,0,2011,"Omro, WI",0,-2,0,1,0,0,0,0,0,0,0,0.043,146,28.9
1062,"Chilton, WI",233,3,3933,2010,208527100,136470.62,0,2011,"Omro, WI",0,-1,0,0,1,0,0,0,0,0,0,0.043,147,28.9
1062,"Chilton, WI",233,3,3933,2011,209477800,136734.86,0,2011,"Omro, WI",1,0,0,0,0,1,0,0,0,0,0,0.043,148,28.9
1062,"Chilton, WI",233,3,3933,2012,210108500,138320.28,0,2011,"Omro, WI",1,1,0,0,0,0,1,0,0,0,0,0.043,149,28.9
1062,"Chilton, WI",233,3,3933,2013,210790100,138404.53,0,2011,"Omro, WI",1,2,0,0,0,0,0,1,0,0,0,0.043,150,28.9
1062,"Chilton, WI",233,3,3933,2014,211843000,139187.25,0,2011,"Omro, WI",1,3,0,0,0,0,0,0,1,0,0,0.043,151,28.9
1062,"Chilton, WI",233,3,3933,2015,213322000,139517.33,0,2011,"Omro, WI",1,4,0,0,0,0,0,0,0,1,0,0.043,152,28.9
1062,"Chilton, WI",233,3,3933,2016,215417800,142189.97,0,2011,"Omro, WI",1,5,0,0,0,0,0,0,0,0,1,0.043,153,28.9
1068,"Clintonville, WI",233,6,4559,2008,115196200,1858003.23,0,2011,"Omro, WI",0,-3,1,0,0,0,0,0,0,0,0,0.043,145,40.2
1068,"Clintonville, WI",233,6,4559,2009,129167800,231483.51,0,2011,"Omro, WI",0,-2,0,1,0,0,0,0,0,0,0,0.043,146,40.2
1068,"Clintonville, WI",233,6,4559,2010,129219300,232408.81,0,2011,"Omro, WI",0,-1,0,0,1,0,0,0,0,0,0,0.043,147,40.2
1068,"Clintonville, WI",233,6,4559,2011,129283700,232524.64,0,2011,"Omro, WI",1,0,0,0,0,1,0,0,0,0,0,0.043,148,40.2
1068,"Clintonville, WI",233,6,4559,2012,129137900,232680.9,0,2011,"Omro, WI",1,1,0,0,0,0,1,0,0,0,0,0.043,149,40.2
1068,"Clintonville, WI",233,6,4559,2013,128952600,233187.34,0,2011,"Omro, WI",1,2,0,0,0,0,0,1,0,0,0,0.043,150,40.2
1068,"Clintonville, WI",233,6,4559,2014,128591200,230037.92,0,2011,"Omro, WI",1,3,0,0,0,0,0,0,1,0,0,0.043,151,40.2
1068,"Clintonville, WI",233,6,4559,2015,128517800,229906.62,0,2011,"Omro, WI",1,4,0,0,0,0,0,0,0,1,0,0.043,152,40.2
1068,"Clintonville, WI",233,6,4559,2016,128410500,228488.43,0,2011,"Omro, WI",1,5,0,0,0,0,0,0,0,0,1,0.043,153,40.2
1085,"Cuba City, WI",470,6,2086,2009,86241800,2536523.53,0,2012,"Lansing, IA",0,-3,1,0,0,0,0,0,0,0,0,0.077,268,65.7
1085,"Cuba City, WI",470,6,2086,2010,86351600,2539752.94,0,2012,"Lansing, IA",0,-2,0,1,0,0,0,0,0,0,0,0.077,269,65.7
1085,"Cuba City, WI",470,6,2086,2011,86905500,1609361.11,0,2012,"Lansing, IA",0,-1,0,0,1,0,0,0,0,0,0,0.077,270,65.7
1085,"Cuba City, WI",470,6,2086,2012,87141500,1528798.25,0,2012,"Lansing, IA",1,0,0,0,0,1,0,0,0,0,0,0.077,271,65.7
1085,"Cuba City, WI",470,6,2086,2013,87168900,1502912.07,0,2012,"Lansing, IA",1,1,0,0,0,0,1,0,0,0,0,0.077,272,65.7
1085,"Cuba City, WI",470,6,2086,2014,87452700,1482249.15,0,2012,"Lansing, IA",1,2,0,0,0,0,0,1,0,0,0,0.077,273,65.7
1085,"Cuba City, WI",470,6,2086,2015,87961400,1466023.33,0,2012,"Lansing, IA",1,3,0,0,0,0,0,0,1,0,0,0.077,274,65.7
1085,"Cuba City, WI",470,6,2086,2016,89071000,1562649.12,0,2012,"Lansing, IA",1,4,0,0,0,0,0,0,0,1,0,0.077,275,65.7
1085,"Cuba City, WI",470,6,2086,2017,89823400,1575849.12,0,2012,"Lansing, IA",1,5,0,0,0,0,0,0,0,0,1,0.077,276,65.7
1104,"Fennimore, WI",470,6,2497,2009,88951300,668806.77,0,2012,"Lansing, IA",0,-3,1,0,0,0,0,0,0,0,0,0.077,268,38.6
1104,"Fennimore, WI",470,6,2497,2010,89375700,652377.37,0,2012,"Lansing, IA",0,-2,0,1,0,0,0,0,0,0,0,0.077,269,38.6
1104,"Fennimore, WI",470,6,2497,2011,89790400,660223.53,0,2012,"Lansing, IA",0,-1,0,0,1,0,0,0,0,0,0,0.077,270,38.6
1104,"Fennimore, WI",470,6,2497,2012,90083600,643454.29,0,2012,"Lansing, IA",1,0,0,0,0,1,0,0,0,0,0,0.077,271,38.6
1104,"Fennimore, WI",470,6,2497,2013,89913400,633192.96,0,2012,"Lansing, IA",1,1,0,0,0,0,1,0,0,0,0,0.077,272,38.6
1104,"Fennimore, WI",470,6,2497,2014,90007100,633852.82,0,2012,"Lansing, IA",1,2,0,0,0,0,0,1,0,0,0,0.077,273,38.6
1104,"Fennimore, WI",470,6,2497,2015,90517900,637450,0,2012,"Lansing, IA",1,3,0,0,0,0,0,0,1,0,0,0.077,274,38.6
1104,"Fennimore, WI",470,6,2497,2016,91217100,637881.82,0,2012,"Lansing, IA",1,4,0,0,0,0,0,0,0,1,0,0.077,275,38.6
1104,"Fennimore, WI",470,6,2497,2017,91480700,639725.17,0,2012,"Lansing, IA",1,5,0,0,0,0,0,0,0,0,1,0.077,276,38.6
1107,"Fort Atkinson, WI",70,4,12368,2003,394755800,379208.26,0,2006,"Lake Mills, WI",0,-3,1,0,0,0,0,0,0,0,0,0.1,65,11.2
1107,"Fort Atkinson, WI",70,4,12368,2004,400508600,385475.07,0,2006,"Lake Mills, WI",0,-2,0,1,0,0,0,0,0,0,0,0.1,66,11.2
1107,"Fort Atkinson, WI",70,4,12368,2005,412037000,386164.01,0,2006,"Lake Mills, WI",0,-1,0,0,1,0,0,0,0,0,0,0.1,67,11.2
1107,"Fort Atkinson, WI",70,4,12368,2006,573820900,553881.18,0,2006,"Lake Mills, WI",1,0,0,0,0,1,0,0,0,0,0,0.1,68,11.2
1107,"Fort Atkinson, WI",70,4,12368,2007,581294300,557864.01,0,2006,"Lake Mills, WI",1,1,0,0,0,0,1,0,0,0,0,0.1,69,11.2
1107,"Fort Atkinson, WI",70,4,12368,2008,587796000,555048.16,0,2006,"Lake Mills, WI",1,2,0,0,0,0,0,1,0,0,0,0.1,70,11.2
1107,"Fort Atkinson, WI",70,4,12368,2009,591207000,535513.59,0,2006,"Lake Mills, WI",1,3,0,0,0,0,0,0,1,0,0,0.1,71,11.2
1107,"Fort Atkinson, WI",70,4,12368,2010,596410700,540227.08,0,2006,"Lake Mills, WI",1,4,0,0,0,0,0,0,0,1,0,0.1,72,11.2
1107,"Fort Atkinson, WI",70,4,12368,2011,597854500,546984.9,0,2006,"Lake Mills, WI",1,5,0,0,0,0,0,0,0,0,1,0.1,73,11.2
1111,"Fox Lake, WI",70,4,1519,2003,163491010,195096.67,0,2006,"Lake Mills, WI",0,-3,1,0,0,0,0,0,0,0,0,0.1,65,33.6
1111,"Fox Lake, WI",70,4,1519,2004,175884860,208889.38,0,2006,"Lake Mills, WI",0,-2,0,1,0,0,0,0,0,0,0,0.1,66,33.6
1111,"Fox Lake, WI",70,4,1519,2005,179876410,203941.51,0,2006,"Lake Mills, WI",0,-1,0,0,1,0,0,0,0,0,0,0.1,67,33.6
1111,"Fox Lake, WI",70,4,1519,2006,184325810,206643.28,0,2006,"Lake Mills, WI",1,0,0,0,0,1,0,0,0,0,0,0.1,68,33.6
1111,"Fox Lake, WI",70,4,1519,2007,249332660,233239.16,0,2006,"Lake Mills, WI",1,1,0,0,0,0,1,0,0,0,0,0.1,69,33.6
1111,"Fox Lake, WI",70,4,1519,2008,253441060,222121.88,0,2006,"Lake Mills, WI",1,2,0,0,0,0,0,1,0,0,0,0.1,70,33.6
1111,"Fox Lake, WI",70,4,1519,2009,256086810,226425.12,0,2006,"Lake Mills, WI",1,3,0,0,0,0,0,0,1,0,0,0.1,71,33.6
1111,"Fox Lake, WI",70,4,1519,2010,256771960,229670.81,0,2006,"Lake Mills, WI",1,4,0,0,0,0,0,0,0,1,0,0.1,72,33.6
1111,"Fox Lake, WI",70,4,1519,2011,256029160,229211.42,0,2006,"Lake Mills, WI",1,5,0,0,0,0,0,0,0,0,1,0.1,73,33.6
1137,"Horicon, WI",70,4,3655,2003,129326800,1105357.26,0,2006,"Lake Mills, WI",0,-3,1,0,0,0,0,0,0,0,0,0.1,65,29.3
1137,"Horicon, WI",70,4,3655,2004,130028200,970359.7,0,2006,"Lake Mills, WI",0,-2,0,1,0,0,0,0,0,0,0,0.1,66,29.3
1137,"Horicon, WI",70,4,3655,2005,130363000,965651.85,0,2006,"Lake Mills, WI",0,-1,0,0,1,0,0,0,0,0,0,0.1,67,29.3
1137,"Horicon, WI",70,4,3655,2006,130619300,953425.55,0,2006,"Lake Mills, WI",1,0,0,0,0,1,0,0,0,0,0,0.1,68,29.3
1137,"Horicon, WI",70,4,3655,2007,130900700,941731.65,0,2006,"Lake Mills, WI",1,1,0,0,0,0,1,0,0,0,0,0.1,69,29.3
1137,"Horicon, WI",70,4,3655,2008,131334600,304015.28,0,2006,"Lake Mills, WI",1,2,0,0,0,0,0,1,0,0,0,0.1,70,29.3
1137,"Horicon, WI",70,4,3655,2009,131342500,304738.98,0,2006,"Lake Mills, WI",1,3,0,0,0,0,0,0,1,0,0,0.1,71,29.3
1137,"Horicon, WI",70,4,3655,2010,131658400,304764.81,0,2006,"Lake Mills, WI",1,4,0,0,0,0,0,0,0,1,0,0.1,72,29.3
1137,"Horicon, WI",70,4,3655,2011,148315700,343323.38,0,2006,"Lake Mills, WI",1,5,0,0,0,0,0,0,0,0,1,0.1,73,29.3
1153,"Jefferson, WI",70,4,7973,2003,403187085,143024.86,0,2006,"Lake Mills, WI",0,-3,1,0,0,0,0,0,0,0,0,0.1,65,7.4
1153,"Jefferson, WI",70,4,7973,2004,415697185,146630.4,0,2006,"Lake Mills, WI",0,-2,0,1,0,0,0,0,0,0,0,0.1,66,7.4
1153,"Jefferson, WI",70,4,7973,2005,457004100,158242.42,0,2006,"Lake Mills, WI",0,-1,0,0,1,0,0,0,0,0,0,0.1,67,7.4
1153,"Jefferson, WI",70,4,7973,2006,511316000,153226.25,0,2006,"Lake Mills, WI",1,0,0,0,0,1,0,0,0,0,0,0.1,68,7.4
1153,"Jefferson, WI",70,4,7973,2007,558177192,152590.81,0,2006,"Lake Mills, WI",1,1,0,0,0,0,1,0,0,0,0,0.1,69,7.4
1153,"Jefferson, WI",70,4,7973,2008,580460330,173530.74,0,2006,"Lake Mills, WI",1,2,0,0,0,0,0,1,0,0,0,0.1,70,7.4
1153,"Jefferson, WI",70,4,7973,2009,581511630,172453.03,0,2006,"Lake Mills, WI",1,3,0,0,0,0,0,0,1,0,0,0.1,71,7.4
1153,"Jefferson, WI",70,4,7973,2010,569075880,168465.33,0,2006,"Lake Mills, WI",1,4,0,0,0,0,0,0,0,1,0,0.1,72,7.4
1153,"Jefferson, WI",70,4,7973,2011,559763480,166151.23,0,2006,"Lake Mills, WI",1,5,0,0,0,0,0,0,0,0,1,0.1,73,7.4
1158,"Juneau, WI",70,4,2814,2003,54010500,418686.05,0,2006,"Lake Mills, WI",0,-3,1,0,0,0,0,0,0,0,0,0.1,65,25
1158,"Juneau, WI",70,4,2814,2004,54689100,382441.26,0,2006,"Lake Mills, WI",0,-2,0,1,0,0,0,0,0,0,0,0.1,66,25
1158,"Juneau, WI",70,4,2814,2005,74763800,306409.02,0,2006,"Lake Mills, WI",0,-1,0,0,1,0,0,0,0,0,0,0.1,67,25
1158,"Juneau, WI",70,4,2814,2006,76977200,316778.6,0,2006,"Lake Mills, WI",1,0,0,0,0,1,0,0,0,0,0,0.1,68,25
1158,"Juneau, WI",70,4,2814,2007,78473400,302986.1,0,2006,"Lake Mills, WI",1,1,0,0,0,0,1,0,0,0,0,0.1,69,25
1158,"Juneau, WI",70,4,2814,2008,79444500,304385.06,0,2006,"Lake Mills, WI",1,2,0,0,0,0,0,1,0,0,0,0.1,70,25
1158,"Juneau, WI",70,4,2814,2009,79480300,305693.46,0,2006,"Lake Mills, WI",1,3,0,0,0,0,0,0,1,0,0,0.1,71,25
1158,"Juneau, WI",70,4,2814,2010,79507300,306977.99,0,2006,"Lake Mills, WI",1,4,0,0,0,0,0,0,0,1,0,0.1,72,25
1158,"Juneau, WI",70,4,2814,2011,79810800,308149.81,0,2006,"Lake Mills, WI",1,5,0,0,0,0,0,0,0,0,1,0.1,73,25
1161,"Kaukauna, WI",233,3,15462,2008,668011600,251037.81,0,2011,"Omro, WI",0,-3,1,0,0,0,0,0,0,0,0,0.043,145,28.7
1161,"Kaukauna, WI",233,3,15462,2009,745490700,276107.67,0,2011,"Omro, WI",0,-2,0,1,0,0,0,0,0,0,0,0.043,146,28.7
1161,"Kaukauna, WI",233,3,15462,2010,754376800,277957.55,0,2011,"Omro, WI",0,-1,0,0,1,0,0,0,0,0,0,0.043,147,28.7
1161,"Kaukauna, WI",233,3,15462,2011,763106300,287097.93,0,2011,"Omro, WI",1,0,0,0,0,1,0,0,0,0,0,0.043,148,28.7
1161,"Kaukauna, WI",233,3,15462,2012,769131500,291227.38,0,2011,"Omro, WI",1,1,0,0,0,0,1,0,0,0,0,0.043,149,28.7
1161,"Kaukauna, WI",233,3,15462,2013,770462200,293397.64,0,2011,"Omro, WI",1,2,0,0,0,0,0,1,0,0,0,0.043,150,28.7
1161,"Kaukauna, WI",233,3,15462,2014,774382500,294218.28,0,2011,"Omro, WI",1,3,0,0,0,0,0,0,1,0,0,0.043,151,28.7
1161,"Kaukauna, WI",233,3,15462,2015,779553800,295285.53,0,2011,"Omro, WI",1,4,0,0,0,0,0,0,0,1,0,0.043,152,28.7
1161,"Kaukauna, WI",233,3,15462,2016,788261500,294897.68,0,2011,"Omro, WI",1,5,0,0,0,0,0,0,0,0,1,0.043,153,28.7
1164,"Kimberly, WI",233,3,6468,2008,308508800,578815.76,0,2011,"Omro, WI",0,-3,1,0,0,0,0,0,0,0,0,0.043,145,26.1
1164,"Kimberly, WI",233,3,6468,2009,310885000,583273.92,0,2011,"Omro, WI",0,-2,0,1,0,0,0,0,0,0,0,0.043,146,26.1
1164,"Kimberly, WI",233,3,6468,2010,316875400,593399.63,0,2011,"Omro, WI",0,-1,0,0,1,0,0,0,0,0,0,0.043,147,26.1
1164,"Kimberly, WI",233,3,6468,2011,322588400,604098.13,0,2011,"Omro, WI",1,0,0,0,0,1,0,0,0,0,0,0.043,148,26.1
1164,"Kimberly, WI",233,3,6468,2012,327916500,614075.84,0,2011,"Omro, WI",1,1,0,0,0,0,1,0,0,0,0,0.043,149,26.1
1164,"Kimberly, WI",233,3,6468,2013,330577100,621385.53,0,2011,"Omro, WI",1,2,0,0,0,0,0,1,0,0,0,0.043,150,26.1
1164,"Kimberly, WI",233,3,6468,2014,334942600,629591.35,0,2011,"Omro, WI",1,3,0,0,0,0,0,0,1,0,0,0.043,151,26.1
1164,"Kimberly, WI",233,3,6468,2015,340196700,638267.73,0,2011,"Omro, WI",1,4,0,0,0,0,0,0,0,1,0,0.043,152,26.1
1164,"Kimberly, WI",233,3,6468,2016,342593300,642764.17,0,2011,"Omro, WI",1,5,0,0,0,0,0,0,0,0,1,0.043,153,26.1
1168,"Lake Mills, WI",70,4,5708,2003,338454600,287312.9,1,2006,"Lake Mills, WI",0,-3,1,0,0,0,0,0,0,0,0,1,65,0
1168,"Lake Mills, WI",70,4,5708,2004,351177500,292647.92,1,2006,"Lake Mills, WI",0,-2,0,1,0,0,0,0,0,0,0,1,66,0
1168,"Lake Mills, WI",70,4,5708,2005,502751712,300509.09,1,2006,"Lake Mills, WI",0,-1,0,0,1,0,0,0,0,0,0,1,67,0
1168,"Lake Mills, WI",70,4,5708,2006,520227300,305836.16,1,2006,"Lake Mills, WI",1,0,0,0,0,1,0,0,0,0,0,1,68,0
1168,"Lake Mills, WI",70,4,5708,2007,528976500,310068.29,1,2006,"Lake Mills, WI",1,1,0,0,0,0,1,0,0,0,0,1,69,0
1168,"Lake Mills, WI",70,4,5708,2008,539038800,312848.98,1,2006,"Lake Mills, WI",1,2,0,0,0,0,0,1,0,0,0,1,70,0
1168,"Lake Mills, WI",70,4,5708,2009,544514300,313841.1,1,2006,"Lake Mills, WI",1,3,0,0,0,0,0,0,1,0,0,1,71,0
1168,"Lake Mills, WI",70,4,5708,2010,563172900,320896.24,1,2006,"Lake Mills, WI",1,4,0,0,0,0,0,0,0,1,0,1,72,0
1168,"Lake Mills, WI",70,4,5708,2011,594500700,335876.1,1,2006,"Lake Mills, WI",1,5,0,0,0,0,0,0,0,0,1,1,73,0
1176,"Lancaster, WI",470,6,3868,2009,152107600,2304660.61,0,2012,"Lansing, IA",0,-3,1,0,0,0,0,0,0,0,0,0.077,268,43.8
1176,"Lancaster, WI",470,6,3868,2010,154476200,2340548.48,0,2012,"Lansing, IA",0,-2,0,1,0,0,0,0,0,0,0,0.077,269,43.8
1176,"Lancaster, WI",470,6,3868,2011,154783500,2243239.13,0,2012,"Lansing, IA",0,-1,0,0,1,0,0,0,0,0,0,0.077,270,43.8
1176,"Lancaster, WI",470,6,3868,2012,155430300,2100409.46,0,2012,"Lansing, IA",1,0,0,0,0,1,0,0,0,0,0,0.077,271,43.8
1176,"Lancaster, WI",470,6,3868,2013,155876700,2078356,0,2012,"Lansing, IA",1,1,0,0,0,0,1,0,0,0,0,0.077,272,43.8
1176,"Lancaster, WI",470,6,3868,2014,156793900,2063077.63,0,2012,"Lansing, IA",1,2,0,0,0,0,0,1,0,0,0,0.077,273,43.8
1176,"Lancaster, WI",470,6,3868,2015,156872900,2011191.03,0,2012,"Lansing, IA",1,3,0,0,0,0,0,0,1,0,0,0.077,274,43.8
1176,"Lancaster, WI",470,6,3868,2016,157313500,303694.02,0,2012,"Lansing, IA",1,4,0,0,0,0,0,0,0,1,0,0.077,275,43.8
1176,"Lancaster, WI",470,6,3868,2017,157252800,1604620.41,0,2012,"Lansing, IA",1,5,0,0,0,0,0,0,0,0,1,0.077,276,43.8
1185,"Little Chute, WI",233,3,10449,2008,435287300,602057.12,0,2011,"Omro, WI",0,-3,1,0,0,0,0,0,0,0,0,0.043,145,27
1185,"Little Chute, WI",233,3,10449,2009,434896000,589289.97,0,2011,"Omro, WI",0,-2,0,1,0,0,0,0,0,0,0,0.043,146,27
1185,"Little Chute, WI",233,3,10449,2010,435707500,585628.36,0,2011,"Omro, WI",0,-1,0,0,1,0,0,0,0,0,0,0.043,147,27
1185,"Little Chute, WI",233,3,10449,2011,435017500,569394.63,0,2011,"Omro, WI",1,0,0,0,0,1,0,0,0,0,0,0.043,148,27
1185,"Little Chute, WI",233,3,10449,2012,434415600,561986.55,0,2011,"Omro, WI",1,1,0,0,0,0,1,0,0,0,0,0.043,149,27
1185,"Little Chute, WI",233,3,10449,2013,435190000,554382.17,0,2011,"Omro, WI",1,2,0,0,0,0,0,1,0,0,0,0.043,150,27
1185,"Little Chute, WI",233,3,10449,2014,447570900,472619.75,0,2011,"Omro, WI",1,3,0,0,0,0,0,0,1,0,0,0.043,151,27
1185,"Little Chute, WI",233,3,10449,2015,452543000,470908.43,0,2011,"Omro, WI",1,4,0,0,0,0,0,0,0,1,0,0.043,152,27
1185,"Little Chute, WI",233,3,10449,2016,458427200,478525.26,0,2011,"Omro, WI",1,5,0,0,0,0,0,0,0,0,1,0.043,153,27
1199,"Marion, WI",233,6,1260,2008,378522100,78029.71,0,2011,"Omro, WI",0,-3,1,0,0,0,0,0,0,0,0,0.043,145,44.3
1199,"Marion, WI",233,6,1260,2009,380927100,76246.42,0,2011,"Omro, WI",0,-2,0,1,0,0,0,0,0,0,0,0.043,146,44.3
1199,"Marion, WI",233,6,1260,2010,381333700,75993.16,0,2011,"Omro, WI",0,-1,0,0,1,0,0,0,0,0,0,0.043,147,44.3
1199,"Marion, WI",233,6,1260,2011,382979900,76488.9,0,2011,"Omro, WI",1,0,0,0,0,1,0,0,0,0,0,0.043,148,44.3
1199,"Marion, WI",233,6,1260,2012,383784200,77297.93,0,2011,"Omro, WI",1,1,0,0,0,0,1,0,0,0,0,0.043,149,44.3
1199,"Marion, WI",233,6,1260,2013,386268200,77766.9,0,2011,"Omro, WI",1,2,0,0,0,0,0,1,0,0,0,0.043,150,44.3
1199,"Marion, WI",233,6,1260,2014,379533200,80307.49,0,2011,"Omro, WI",1,3,0,0,0,0,0,0,1,0,0,0.043,151,44.3
1199,"Marion, WI",233,6,1260,2015,381119400,80591.96,0,2011,"Omro, WI",1,4,0,0,0,0,0,0,0,1,0,0.043,152,44.3
1199,"Marion, WI",233,6,1260,2016,382918500,80495.8,0,2011,"Omro, WI",1,5,0,0,0,0,0,0,0,0,1,0.043,153,44.3
1210,"Medford, WI",366,6,4326,2005,231136400,98523.61,0,2008,"Tomahawk, WI",0,-3,1,0,0,0,0,0,0,0,0,0.071,205,37.7
1210,"Medford, WI",366,6,4326,2006,237687100,99160.24,0,2008,"Tomahawk, WI",0,-2,0,1,0,0,0,0,0,0,0,0.071,206,37.7
1210,"Medford, WI",366,6,4326,2007,247200400,103474.42,0,2008,"Tomahawk, WI",0,-1,0,0,1,0,0,0,0,0,0,0.071,207,37.7
1210,"Medford, WI",366,6,4326,2008,252344500,106699.58,0,2008,"Tomahawk, WI",1,0,0,0,0,1,0,0,0,0,0,0.071,208,37.7
1210,"Medford, WI",366,6,4326,2009,255913800,108254.57,0,2008,"Tomahawk, WI",1,1,0,0,0,0,1,0,0,0,0,0.071,209,37.7
1210,"Medford, WI",366,6,4326,2010,257667500,107630.53,0,2008,"Tomahawk, WI",1,2,0,0,0,0,0,1,0,0,0,0.071,210,37.7
1210,"Medford, WI",366,6,4326,2011,259026800,107882.88,0,2008,"Tomahawk, WI",1,3,0,0,0,0,0,0,1,0,0,0.071,211,37.7
1210,"Medford, WI",366,6,4326,2012,259821700,107542.09,0,2008,"Tomahawk, WI",1,4,0,0,0,0,0,0,0,1,0,0.071,212,37.7
1210,"Medford, WI",366,6,4326,2013,260285800,107290.11,0,2008,"Tomahawk, WI",1,5,0,0,0,0,0,0,0,0,1,0.071,213,37.7
1215,"Menasha, WI",233,3,17353,2008,1555600800,409045.7,0,2011,"Omro, WI",0,-3,1,0,0,0,0,0,0,0,0,0.043,145,18.4
1215,"Menasha, WI",233,3,17353,2009,1572203800,413737.84,0,2011,"Omro, WI",0,-2,0,1,0,0,0,0,0,0,0,0.043,146,18.4
1215,"Menasha, WI",233,3,17353,2010,1585958000,419011.36,0,2011,"Omro, WI",0,-1,0,0,1,0,0,0,0,0,0,0.043,147,18.4
1215,"Menasha, WI",233,3,17353,2011,1593223600,422157.82,0,2011,"Omro, WI",1,0,0,0,0,1,0,0,0,0,0,0.043,148,18.4
1215,"Menasha, WI",233,3,17353,2012,1593864900,418997.08,0,2011,"Omro, WI",1,1,0,0,0,0,1,0,0,0,0,0.043,149,18.4
1215,"Menasha, WI",233,3,17353,2013,1590941400,416694.97,0,2011,"Omro, WI",1,2,0,0,0,0,0,1,0,0,0,0.043,150,18.4
1215,"Menasha, WI",233,3,17353,2014,1602832400,422353.73,0,2011,"Omro, WI",1,3,0,0,0,0,0,0,1,0,0,0.043,151,18.4
1215,"Menasha, WI",233,3,17353,2015,1617020900,427783.31,0,2011,"Omro, WI",1,4,0,0,0,0,0,0,0,1,0,0.043,152,18.4
1215,"Menasha, WI",233,3,17353,2016,1630185100,431951.54,0,2011,"Omro, WI",1,5,0,0,0,0,0,0,0,0,1,0.043,153,18.4
1218,"Merrill, WI",366,6,9661,2005,359250600,19184.59,0,2008,"Tomahawk, WI",0,-3,1,0,0,0,0,0,0,0,0,0.071,205,20.2
1218,"Merrill, WI",366,6,9661,2006,391233400,20919.33,0,2008,"Tomahawk, WI",0,-2,0,1,0,0,0,0,0,0,0,0.071,206,20.2
1218,"Merrill, WI",366,6,9661,2007,395933200,21874.76,0,2008,"Tomahawk, WI",0,-1,0,0,1,0,0,0,0,0,0,0.071,207,20.2
1218,"Merrill, WI",366,6,9661,2008,399956300,26983.96,0,2008,"Tomahawk, WI",1,0,0,0,0,1,0,0,0,0,0,0.071,208,20.2
1218,"Merrill, WI",366,6,9661,2009,402773200,27221.76,0,2008,"Tomahawk, WI",1,1,0,0,0,0,1,0,0,0,0,0.071,209,20.2
1218,"Merrill, WI",366,6,9661,2010,404107700,27293.51,0,2008,"Tomahawk, WI",1,2,0,0,0,0,0,1,0,0,0,0.071,210,20.2
1218,"Merrill, WI",366,6,9661,2011,405306300,27380.01,0,2008,"Tomahawk, WI",1,3,0,0,0,0,0,0,1,0,0,0.071,211,20.2
1218,"Merrill, WI",366,6,9661,2012,417184300,29015.46,0,2008,"Tomahawk, WI",1,4,0,0,0,0,0,0,0,1,0,0.071,212,20.2
1218,"Merrill, WI",366,6,9661,2013,418427000,29116.07,0,2008,"Tomahawk, WI",1,5,0,0,0,0,0,0,0,0,1,0.071,213,20.2
1234,"Mosinee, WI",366,3,3988,2005,249936600,88036.84,0,2008,"Tomahawk, WI",0,-3,1,0,0,0,0,0,0,0,0,0.071,205,47
1234,"Mosinee, WI",366,3,3988,2006,254847500,88673.45,0,2008,"Tomahawk, WI",0,-2,0,1,0,0,0,0,0,0,0,0.071,206,47
1234,"Mosinee, WI",366,3,3988,2007,286953700,101075.63,0,2008,"Tomahawk, WI",0,-1,0,0,1,0,0,0,0,0,0,0.071,207,47
1234,"Mosinee, WI",366,3,3988,2008,291586400,103289.55,0,2008,"Tomahawk, WI",1,0,0,0,0,1,0,0,0,0,0,0.071,208,47
1234,"Mosinee, WI",366,3,3988,2009,294222700,104929.64,0,2008,"Tomahawk, WI",1,1,0,0,0,0,1,0,0,0,0,0.071,209,47
1234,"Mosinee, WI",366,3,3988,2010,297595100,105680.08,0,2008,"Tomahawk, WI",1,2,0,0,0,0,0,1,0,0,0,0.071,210,47
1234,"Mosinee, WI",366,3,3988,2011,302254300,106277.88,0,2008,"Tomahawk, WI",1,3,0,0,0,0,0,0,1,0,0,0.071,211,47
1234,"Mosinee, WI",366,3,3988,2012,302760800,106306.46,0,2008,"Tomahawk, WI",1,4,0,0,0,0,0,0,0,1,0,0.071,212,47
1234,"Mosinee, WI",366,3,3988,2013,294989900,96181.9,0,2008,"Tomahawk, WI",1,5,0,0,0,0,0,0,0,0,1,0.071,213,47
1251,"Neillsville, WI",366,6,2463,2005,60479900,503999.17,0,2008,"Tomahawk, WI",0,-3,1,0,0,0,0,0,0,0,0,0.071,205,75.9
1251,"Neillsville, WI",366,6,2463,2006,61750200,486222.05,0,2008,"Tomahawk, WI",0,-2,0,1,0,0,0,0,0,0,0,0.071,206,75.9
1251,"Neillsville, WI",366,6,2463,2007,62140800,493180.95,0,2008,"Tomahawk, WI",0,-1,0,0,1,0,0,0,0,0,0,0.071,207,75.9
1251,"Neillsville, WI",366,6,2463,2008,63364900,455862.59,0,2008,"Tomahawk, WI",1,0,0,0,0,1,0,0,0,0,0,0.071,208,75.9
1251,"Neillsville, WI",366,6,2463,2009,63793800,431039.19,0,2008,"Tomahawk, WI",1,1,0,0,0,0,1,0,0,0,0,0.071,209,75.9
1251,"Neillsville, WI",366,6,2463,2010,64296500,443424.14,0,2008,"Tomahawk, WI",1,2,0,0,0,0,0,1,0,0,0,0.071,210,75.9
1251,"Neillsville, WI",366,6,2463,2011,69691200,143990.08,0,2008,"Tomahawk, WI",1,3,0,0,0,0,0,0,1,0,0,0.071,211,75.9
1251,"Neillsville, WI",366,6,2463,2012,70127200,150487.55,0,2008,"Tomahawk, WI",1,4,0,0,0,0,0,0,0,1,0,0.071,212,75.9
1251,"Neillsville, WI",366,6,2463,2013,70608300,147100.62,0,2008,"Tomahawk, WI",1,5,0,0,0,0,0,0,0,0,1,0.071,213,75.9
1253,"Nekoosa, WI",366,4,2580,2005,61183100,89188.19,0,2008,"Tomahawk, WI",0,-3,1,0,0,0,0,0,0,0,0,0.071,205,80.3
1253,"Nekoosa, WI",366,4,2580,2006,63290700,91460.55,0,2008,"Tomahawk, WI",0,-2,0,1,0,0,0,0,0,0,0,0.071,206,80.3
1253,"Nekoosa, WI",366,4,2580,2007,64214000,93880.12,0,2008,"Tomahawk, WI",0,-1,0,0,1,0,0,0,0,0,0,0.071,207,80.3
1253,"Nekoosa, WI",366,4,2580,2008,64899600,93380.72,0,2008,"Tomahawk, WI",1,0,0,0,0,1,0,0,0,0,0,0.071,208,80.3
1253,"Nekoosa, WI",366,4,2580,2009,65305000,94235.21,0,2008,"Tomahawk, WI",1,1,0,0,0,0,1,0,0,0,0,0.071,209,80.3
1253,"Nekoosa, WI",366,4,2580,2010,65537000,94433.72,0,2008,"Tomahawk, WI",1,2,0,0,0,0,0,1,0,0,0,0.071,210,80.3
1253,"Nekoosa, WI",366,4,2580,2011,65635500,94712.12,0,2008,"Tomahawk, WI",1,3,0,0,0,0,0,0,1,0,0,0.071,211,80.3
1253,"Nekoosa, WI",366,4,2580,2012,65741900,94865.66,0,2008,"Tomahawk, WI",1,4,0,0,0,0,0,0,0,1,0,0.071,212,80.3
1253,"Nekoosa, WI",366,4,2580,2013,60561400,84582.96,0,2008,"Tomahawk, WI",1,5,0,0,0,0,0,0,0,0,1,0.071,213,80.3
1265,"New Holstein, WI",233,3,3236,2008,195389500,123586.02,0,2011,"Omro, WI",0,-3,1,0,0,0,0,0,0,0,0,0.043,145,33.3
1265,"New Holstein, WI",233,3,3236,2009,196378200,124684.57,0,2011,"Omro, WI",0,-2,0,1,0,0,0,0,0,0,0,0.043,146,33.3
1265,"New Holstein, WI",233,3,3236,2010,215346900,126081.32,0,2011,"Omro, WI",0,-1,0,0,1,0,0,0,0,0,0,0.043,147,33.3
1265,"New Holstein, WI",233,3,3236,2011,216112800,125720.07,0,2011,"Omro, WI",1,0,0,0,0,1,0,0,0,0,0,0.043,148,33.3
1265,"New Holstein, WI",233,3,3236,2012,216462600,125631.22,0,2011,"Omro, WI",1,1,0,0,0,0,1,0,0,0,0,0.043,149,33.3
1265,"New Holstein, WI",233,3,3236,2013,217960100,147369.91,0,2011,"Omro, WI",1,2,0,0,0,0,0,1,0,0,0,0.043,150,33.3
1265,"New Holstein, WI",233,3,3236,2014,218586100,121978.85,0,2011,"Omro, WI",1,3,0,0,0,0,0,0,1,0,0,0.043,151,33.3
1265,"New Holstein, WI",233,3,3236,2015,219908900,122375.57,0,2011,"Omro, WI",1,4,0,0,0,0,0,0,0,1,0,0.043,152,33.3
1265,"New Holstein, WI",233,3,3236,2016,218703200,122044.2,0,2011,"Omro, WI",1,5,0,0,0,0,0,0,0,0,1,0.043,153,33.3
1271,"New London, WI",233,6,7295,2008,243773100,335775.62,0,2011,"Omro, WI",0,-3,1,0,0,0,0,0,0,0,0,0.043,145,24.4
1271,"New London, WI",233,6,7295,2009,244797700,339996.81,0,2011,"Omro, WI",0,-2,0,1,0,0,0,0,0,0,0,0.043,146,24.4
1271,"New London, WI",233,6,7295,2010,245169600,338632.04,0,2011,"Omro, WI",0,-1,0,0,1,0,0,0,0,0,0,0.043,147,24.4
1271,"New London, WI",233,6,7295,2011,245687600,337482.97,0,2011,"Omro, WI",1,0,0,0,0,1,0,0,0,0,0,0.043,148,24.4
1271,"New London, WI",233,6,7295,2012,245849500,338635.67,0,2011,"Omro, WI",1,1,0,0,0,0,1,0,0,0,0,0.043,149,24.4
1271,"New London, WI",233,6,7295,2013,245181400,337715.43,0,2011,"Omro, WI",1,2,0,0,0,0,0,1,0,0,0,0.043,150,24.4
1271,"New London, WI",233,6,7295,2014,246845100,343317.25,0,2011,"Omro, WI",1,3,0,0,0,0,0,0,1,0,0,0.043,151,24.4
1271,"New London, WI",233,6,7295,2015,247225900,343846.87,0,2011,"Omro, WI",1,4,0,0,0,0,0,0,0,1,0,0.043,152,24.4
1271,"New London, WI",233,6,7295,2016,247362100,353879.97,0,2011,"Omro, WI",1,5,0,0,0,0,0,0,0,0,1,0.043,153,24.4
1283,"North Fond du Lac, WI",233,3,5014,2008,140373500,1122988,0,2011,"Omro, WI",0,-3,1,0,0,0,0,0,0,0,0,0.043,145,20.6
1283,"North Fond du Lac, WI",233,3,5014,2009,141128700,1102567.97,0,2011,"Omro, WI",0,-2,0,1,0,0,0,0,0,0,0,0.043,146,20.6
1283,"North Fond du Lac, WI",233,3,5014,2010,141211600,1103215.62,0,2011,"Omro, WI",0,-1,0,0,1,0,0,0,0,0,0,0.043,147,20.6
1283,"North Fond du Lac, WI",233,3,5014,2011,141295100,1112559.84,0,2011,"Omro, WI",1,0,0,0,0,1,0,0,0,0,0,0.043,148,20.6
1283,"North Fond du Lac, WI",233,3,5014,2012,141631200,1106493.75,0,2011,"Omro, WI",1,1,0,0,0,0,1,0,0,0,0,0.043,149,20.6
1283,"North Fond du Lac, WI",233,3,5014,2013,141571000,1275414.41,0,2011,"Omro, WI",1,2,0,0,0,0,0,1,0,0,0,0.043,150,20.6
1283,"North Fond du Lac, WI",233,3,5014,2014,141584300,1275534.23,0,2011,"Omro, WI",1,3,0,0,0,0,0,0,1,0,0,0.043,151,20.6
1283,"North Fond du Lac, WI",233,3,5014,2015,141413900,1400137.62,0,2011,"Omro, WI",1,4,0,0,0,0,0,0,0,1,0,0.043,152,20.6
1283,"North Fond du Lac, WI",233,3,5014,2016,141474800,1400740.59,0,2011,"Omro, WI",1,5,0,0,0,0,0,0,0,0,1,0.043,153,20.6
1293,"Omro, WI",233,3,3517,2008,276495700,150351.11,1,2011,"Omro, WI",0,-3,1,0,0,0,0,0,0,0,0,1,145,0
1293,"Omro, WI",233,3,3517,2009,282957200,153032.56,1,2011,"Omro, WI",0,-2,0,1,0,0,0,0,0,0,0,1,146,0
1293,"Omro, WI",233,3,3517,2010,286551800,154225.94,1,2011,"Omro, WI",0,-1,0,0,1,0,0,0,0,0,0,1,147,0
1293,"Omro, WI",233,3,3517,2011,288351800,154861.33,1,2011,"Omro, WI",1,0,0,0,0,1,0,0,0,0,0,1,148,0
1293,"Omro, WI",233,3,3517,2012,289816700,154239.86,1,2011,"Omro, WI",1,1,0,0,0,0,1,0,0,0,0,1,149,0
1293,"Omro, WI",233,3,3517,2013,291167100,137084.32,1,2011,"Omro, WI",1,2,0,0,0,0,0,1,0,0,0,1,150,0
1293,"Omro, WI",233,3,3517,2014,295423500,138501.41,1,2011,"Omro, WI",1,3,0,0,0,0,0,0,1,0,0,1,151,0
1293,"Omro, WI",233,3,3517,2015,298526800,139956.31,1,2011,"Omro, WI",1,4,0,0,0,0,0,0,0,1,0,1,152,0
1293,"Omro, WI",233,3,3517,2016,305371200,142033.12,1,2011,"Omro, WI",1,5,0,0,0,0,0,0,0,0,1,1,153,0
1297,"Oshkosh, WI",233,3,66083,2008,2384234600,246178.07,0,2011,"Omro, WI",0,-3,1,0,0,0,0,0,0,0,0,0.043,145,10.4
1297,"Oshkosh, WI",233,3,66083,2009,2395094900,247350.5,0,2011,"Omro, WI",0,-2,0,1,0,0,0,0,0,0,0,0.043,146,10.4
1297,"Oshkosh, WI",233,3,66083,2010,2473991400,257573.28,0,2011,"Omro, WI",0,-1,0,0,1,0,0,0,0,0,0,0.043,147,10.4
1297,"Oshkosh, WI",233,3,66083,2011,2479652200,257894.14,0,2011,"Omro, WI",1,0,0,0,0,1,0,0,0,0,0,0.043,148,10.4
1297,"Oshkosh, WI",233,3,66083,2012,2480796100,257932.64,0,2011,"Omro, WI",1,1,0,0,0,0,1,0,0,0,0,0.043,149,10.4
1297,"Oshkosh, WI",233,3,66083,2013,2480318000,258366.46,0,2011,"Omro, WI",1,2,0,0,0,0,0,1,0,0,0,0.043,150,10.4
1297,"Oshkosh, WI",233,3,66083,2014,2487748300,446393.02,0,2011,"Omro, WI",1,3,0,0,0,0,0,0,1,0,0,0.043,151,10.4
1297,"Oshkosh, WI",233,3,66083,2015,2493998900,450099.06,0,2011,"Omro, WI",1,4,0,0,0,0,0,0,0,1,0,0.043,152,10.4
1297,"Oshkosh, WI",233,3,66083,2016,2500984700,450952.88,0,2011,"Omro, WI",1,5,0,0,0,0,0,0,0,0,1,0.043,153,10.4
1301,"Owen, WI",366,6,940,2005,15726800,224668.57,0,2008,"Tomahawk, WI",0,-3,1,0,0,0,0,0,0,0,0,0.071,205,54.3
1301,"Owen, WI",366,6,940,2006,15815700,229213.04,0,2008,"Tomahawk, WI",0,-2,0,1,0,0,0,0,0,0,0,0.071,206,54.3
1301,"Owen, WI",366,6,940,2007,21793700,315850.72,0,2008,"Tomahawk, WI",0,-1,0,0,1,0,0,0,0,0,0,0.071,207,54.3
1301,"Owen, WI",366,6,940,2008,22517500,321678.57,0,2008,"Tomahawk, WI",1,0,0,0,0,1,0,0,0,0,0,0.071,208,54.3
1301,"Owen, WI",366,6,940,2009,22826800,326097.14,0,2008,"Tomahawk, WI",1,1,0,0,0,0,1,0,0,0,0,0.071,209,54.3
1301,"Owen, WI",366,6,940,2010,22865300,326647.14,0,2008,"Tomahawk, WI",1,2,0,0,0,0,0,1,0,0,0,0.071,210,54.3
1301,"Owen, WI",366,6,940,2011,22902100,248935.87,0,2008,"Tomahawk, WI",1,3,0,0,0,0,0,0,1,0,0,0.071,211,54.3
1301,"Owen, WI",366,6,940,2012,22952200,252221.98,0,2008,"Tomahawk, WI",1,4,0,0,0,0,0,0,0,1,0,0.071,212,54.3
1301,"Owen, WI",366,6,940,2013,22929300,249231.52,0,2008,"Tomahawk, WI",1,5,0,0,0,0,0,0,0,0,1,0.071,213,54.3
1314,"Port Edwards, WI",366,4,1818,2005,111448600,45341.17,0,2008,"Tomahawk, WI",0,-3,1,0,0,0,0,0,0,0,0,0.071,205,78.3
1314,"Port Edwards, WI",366,4,1818,2006,112742500,45497.38,0,2008,"Tomahawk, WI",0,-2,0,1,0,0,0,0,0,0,0,0.071,206,78.3
1314,"Port Edwards, WI",366,4,1818,2007,113957000,44971.19,0,2008,"Tomahawk, WI",0,-1,0,0,1,0,0,0,0,0,0,0.071,207,78.3
1314,"Port Edwards, WI",366,4,1818,2008,130290940,51417.1,0,2008,"Tomahawk, WI",1,0,0,0,0,1,0,0,0,0,0,0.071,208,78.3
1314,"Port Edwards, WI",366,4,1818,2009,130606100,52179.82,0,2008,"Tomahawk, WI",1,1,0,0,0,0,1,0,0,0,0,0.071,209,78.3
1314,"Port Edwards, WI",366,4,1818,2010,131178700,52241.62,0,2008,"Tomahawk, WI",1,2,0,0,0,0,0,1,0,0,0,0.071,210,78.3
1314,"Port Edwards, WI",366,4,1818,2011,131369600,52172.2,0,2008,"Tomahawk, WI",1,3,0,0,0,0,0,0,1,0,0,0.071,211,78.3
1314,"Port Edwards, WI",366,4,1818,2012,126445800,49508.93,0,2008,"Tomahawk, WI",1,4,0,0,0,0,0,0,0,1,0,0.071,212,78.3
1314,"Port Edwards, WI",366,4,1818,2013,127465900,50183.43,0,2008,"Tomahawk, WI",1,5,0,0,0,0,0,0,0,0,1,0.071,213,78.3
1319,"Prairie du Chien, WI",470,7,5911,2009,186870540,543228.31,0,2012,"Lansing, IA",0,-3,1,0,0,0,0,0,0,0,0,0.077,268,21.7
1319,"Prairie du Chien, WI",470,7,5911,2010,200531150,348749.83,0,2012,"Lansing, IA",0,-2,0,1,0,0,0,0,0,0,0,0.077,269,21.7
1319,"Prairie du Chien, WI",470,7,5911,2011,201448050,352181.91,0,2012,"Lansing, IA",0,-1,0,0,1,0,0,0,0,0,0,0.077,270,21.7
1319,"Prairie du Chien, WI",470,7,5911,2012,201954050,395213.41,0,2012,"Lansing, IA",1,0,0,0,0,1,0,0,0,0,0,0.077,271,21.7
1319,"Prairie du Chien, WI",470,7,5911,2013,203236950,396947.17,0,2012,"Lansing, IA",1,1,0,0,0,0,1,0,0,0,0,0.077,272,21.7
1319,"Prairie du Chien, WI",470,7,5911,2014,204213450,398854.39,0,2012,"Lansing, IA",1,2,0,0,0,0,0,1,0,0,0,0.077,273,21.7
1319,"Prairie du Chien, WI",470,7,5911,2015,205271250,395513.01,0,2012,"Lansing, IA",1,3,0,0,0,0,0,0,1,0,0,0.077,274,21.7
1319,"Prairie du Chien, WI",470,7,5911,2016,206999050,212306.72,0,2012,"Lansing, IA",1,4,0,0,0,0,0,0,0,1,0,0.077,275,21.7
1319,"Prairie du Chien, WI",470,7,5911,2017,207691150,213235.27,0,2012,"Lansing, IA",1,5,0,0,0,0,0,0,0,0,1,0.077,276,21.7
1321,"Princeton, WI",233,6,1214,2008,325593400,127433.82,0,2011,"Omro, WI",0,-3,1,0,0,0,0,0,0,0,0,0.043,145,23.2
1321,"Princeton, WI",233,6,1214,2009,327748000,126935.71,0,2011,"Omro, WI",0,-2,0,1,0,0,0,0,0,0,0,0.043,146,23.2
1321,"Princeton, WI",233,6,1214,2010,329794700,124216.46,0,2011,"Omro, WI",0,-1,0,0,1,0,0,0,0,0,0,0.043,147,23.2
1321,"Princeton, WI",233,6,1214,2011,330767000,128653.05,0,2011,"Omro, WI",1,0,0,0,0,1,0,0,0,0,0,0.043,148,23.2
1321,"Princeton, WI",233,6,1214,2012,331268100,128898.09,0,2011,"Omro, WI",1,1,0,0,0,0,1,0,0,0,0,0.043,149,23.2
1321,"Princeton, WI",233,6,1214,2013,330990700,128690.01,0,2011,"Omro, WI",1,2,0,0,0,0,0,1,0,0,0,0.043,150,23.2
1321,"Princeton, WI",233,6,1214,2014,329717900,128595.12,0,2011,"Omro, WI",1,3,0,0,0,0,0,0,1,0,0,0.043,151,23.2
1321,"Princeton, WI",233,6,1214,2015,329270200,127673.59,0,2011,"Omro, WI",1,4,0,0,0,0,0,0,0,1,0,0.043,152,23.2
1321,"Princeton, WI",233,6,1214,2016,328824100,125889.78,0,2011,"Omro, WI",1,5,0,0,0,0,0,0,0,0,1,0.043,153,23.2
1322,"Randolph, WI",70,4,1811,2003,67385500,165566.34,0,2006,"Lake Mills, WI",0,-3,1,0,0,0,0,0,0,0,0,0.1,65,32
1322,"Randolph, WI",70,4,1811,2004,69543200,156982.39,0,2006,"Lake Mills, WI",0,-2,0,1,0,0,0,0,0,0,0,0.1,66,32
1322,"Randolph, WI",70,4,1811,2005,72081650,153692.22,0,2006,"Lake Mills, WI",0,-1,0,0,1,0,0,0,0,0,0,0.1,67,32
1322,"Randolph, WI",70,4,1811,2006,88875950,138220.76,0,2006,"Lake Mills, WI",1,0,0,0,0,1,0,0,0,0,0,0.1,68,32
1322,"Randolph, WI",70,4,1811,2007,90752950,139405.45,0,2006,"Lake Mills, WI",1,1,0,0,0,0,1,0,0,0,0,0.1,69,32
1322,"Randolph, WI",70,4,1811,2008,93508100,136309.18,0,2006,"Lake Mills, WI",1,2,0,0,0,0,0,1,0,0,0,0.1,70,32
1322,"Randolph, WI",70,4,1811,2009,103406700,143024.48,0,2006,"Lake Mills, WI",1,3,0,0,0,0,0,0,1,0,0,0.1,71,32
1322,"Randolph, WI",70,4,1811,2010,104242300,154433.04,0,2006,"Lake Mills, WI",1,4,0,0,0,0,0,0,0,1,0,0.1,72,32
1322,"Randolph, WI",70,4,1811,2011,98570500,145814.35,0,2006,"Lake Mills, WI",1,5,0,0,0,0,0,0,0,0,1,0.1,73,32
1326,"Redgranite, WI",233,6,2149,2008,27077600,61680.18,0,2011,"Omro, WI",0,-3,1,0,0,0,0,0,0,0,0,0.043,145,17.8
1326,"Redgranite, WI",233,6,2149,2009,27320600,62233.71,0,2011,"Omro, WI",0,-2,0,1,0,0,0,0,0,0,0,0.043,146,17.8
1326,"Redgranite, WI",233,6,2149,2010,27340900,62422.15,0,2011,"Omro, WI",0,-1,0,0,1,0,0,0,0,0,0,0.043,147,17.8
1326,"Redgranite, WI",233,6,2149,2011,27387400,62528.31,0,2011,"Omro, WI",1,0,0,0,0,1,0,0,0,0,0,0.043,148,17.8
1326,"Redgranite, WI",233,6,2149,2012,27501500,62645.79,0,2011,"Omro, WI",1,1,0,0,0,0,1,0,0,0,0,0.043,149,17.8
1326,"Redgranite, WI",233,6,2149,2013,27629100,60063.26,0,2011,"Omro, WI",1,2,0,0,0,0,0,1,0,0,0,0.043,150,17.8
1326,"Redgranite, WI",233,6,2149,2014,27642400,60886.34,0,2011,"Omro, WI",1,3,0,0,0,0,0,0,1,0,0,0.043,151,17.8
1326,"Redgranite, WI",233,6,2149,2015,27635000,60470.46,0,2011,"Omro, WI",1,4,0,0,0,0,0,0,0,1,0,0.043,152,17.8
1326,"Redgranite, WI",233,6,2149,2016,27956600,61174.18,0,2011,"Omro, WI",1,5,0,0,0,0,0,0,0,0,1,0.043,153,17.8
1328,"Rib Lake, WI",366,6,910,2005,47139800,58269.22,0,2008,"Tomahawk, WI",0,-3,1,0,0,0,0,0,0,0,0,0.071,205,25.2
1328,"Rib Lake, WI",366,6,910,2006,49543900,60493.16,0,2008,"Tomahawk, WI",0,-2,0,1,0,0,0,0,0,0,0,0.071,206,25.2
1328,"Rib Lake, WI",366,6,910,2007,59171000,71290.36,0,2008,"Tomahawk, WI",0,-1,0,0,1,0,0,0,0,0,0,0.071,207,25.2
1328,"Rib Lake, WI",366,6,910,2008,65224800,76286.32,0,2008,"Tomahawk, WI",1,0,0,0,0,1,0,0,0,0,0,0.071,208,25.2
1328,"Rib Lake, WI",366,6,910,2009,65999800,76833.29,0,2008,"Tomahawk, WI",1,1,0,0,0,0,1,0,0,0,0,0.071,209,25.2
1328,"Rib Lake, WI",366,6,910,2010,66527100,76644.12,0,2008,"Tomahawk, WI",1,2,0,0,0,0,0,1,0,0,0,0.071,210,25.2
1328,"Rib Lake, WI",366,6,910,2011,68016600,77379.52,0,2008,"Tomahawk, WI",1,3,0,0,0,0,0,0,1,0,0,0.071,211,25.2
1328,"Rib Lake, WI",366,6,910,2012,69703100,73994.8,0,2008,"Tomahawk, WI",1,4,0,0,0,0,0,0,0,1,0,0.071,212,25.2
1328,"Rib Lake, WI",366,6,910,2013,70158600,74478.34,0,2008,"Tomahawk, WI",1,5,0,0,0,0,0,0,0,0,1,0.071,213,25.2
1330,"Richland Center, WI",470,6,5184,2009,164164800,265209.69,0,2012,"Lansing, IA",0,-3,1,0,0,0,0,0,0,0,0,0.077,268,41.9
1330,"Richland Center, WI",470,6,5184,2010,164377000,261330.68,0,2012,"Lansing, IA",0,-2,0,1,0,0,0,0,0,0,0,0.077,269,41.9
1330,"Richland Center, WI",470,6,5184,2011,163691300,261487.7,0,2012,"Lansing, IA",0,-1,0,0,1,0,0,0,0,0,0,0.077,270,41.9
1330,"Richland Center, WI",470,6,5184,2012,147575500,235743.61,0,2012,"Lansing, IA",1,0,0,0,0,1,0,0,0,0,0,0.077,271,41.9
1330,"Richland Center, WI",470,6,5184,2013,147119300,232783.7,0,2012,"Lansing, IA",1,1,0,0,0,0,1,0,0,0,0,0.077,272,41.9
1330,"Richland Center, WI",470,6,5184,2014,146757900,231479.34,0,2012,"Lansing, IA",1,2,0,0,0,0,0,1,0,0,0,0.077,273,41.9
1330,"Richland Center, WI",470,6,5184,2015,146326300,232263.97,0,2012,"Lansing, IA",1,3,0,0,0,0,0,0,1,0,0,0.077,274,41.9
1330,"Richland Center, WI",470,6,5184,2016,147034300,234131.05,0,2012,"Lansing, IA",1,4,0,0,0,0,0,0,0,1,0,0.077,275,41.9
1330,"Richland Center, WI",470,6,5184,2017,147364100,235030.46,0,2012,"Lansing, IA",1,5,0,0,0,0,0,0,0,0,1,0.077,276,41.9
1339,"Schofield, WI",366,3,2169,2005,72832100,1011556.94,0,2008,"Tomahawk, WI",0,-3,1,0,0,0,0,0,0,0,0,0.071,205,39
1339,"Schofield, WI",366,3,2169,2006,72742700,1010315.28,0,2008,"Tomahawk, WI",0,-2,0,1,0,0,0,0,0,0,0,0.071,206,39
1339,"Schofield, WI",366,3,2169,2007,72632200,968429.33,0,2008,"Tomahawk, WI",0,-1,0,0,1,0,0,0,0,0,0,0.071,207,39
1339,"Schofield, WI",366,3,2169,2008,73548800,930997.47,0,2008,"Tomahawk, WI",1,0,0,0,0,1,0,0,0,0,0,0.071,208,39
1339,"Schofield, WI",366,3,2169,2009,73621200,908903.7,0,2008,"Tomahawk, WI",1,1,0,0,0,0,1,0,0,0,0,0.071,209,39
1339,"Schofield, WI",366,3,2169,2010,73814300,922678.75,0,2008,"Tomahawk, WI",1,2,0,0,0,0,0,1,0,0,0,0.071,210,39
1339,"Schofield, WI",366,3,2169,2011,74071400,914461.73,0,2008,"Tomahawk, WI",1,3,0,0,0,0,0,0,1,0,0,0.071,211,39
1339,"Schofield, WI",366,3,2169,2012,74061800,914343.21,0,2008,"Tomahawk, WI",1,4,0,0,0,0,0,0,0,1,0,0.071,212,39
1339,"Schofield, WI",366,3,2169,2013,74415800,664426.79,0,2008,"Tomahawk, WI",1,5,0,0,0,0,0,0,0,0,1,0.071,213,39
1344,"Seymour, WI",233,3,3451,2008,435477100,85103.99,0,2011,"Omro, WI",0,-3,1,0,0,0,0,0,0,0,0,0.043,145,38.6
1344,"Seymour, WI",233,3,3451,2009,439931700,85974.54,0,2011,"Omro, WI",0,-2,0,1,0,0,0,0,0,0,0,0.043,146,38.6
1344,"Seymour, WI",233,3,3451,2010,443930600,86216.86,0,2011,"Omro, WI",0,-1,0,0,1,0,0,0,0,0,0,0.043,147,38.6
1344,"Seymour, WI",233,3,3451,2011,448862000,86469.27,0,2011,"Omro, WI",1,0,0,0,0,1,0,0,0,0,0,0.043,148,38.6
1344,"Seymour, WI",233,3,3451,2012,451367200,87018.93,0,2011,"Omro, WI",1,1,0,0,0,0,1,0,0,0,0,0.043,149,38.6
1344,"Seymour, WI",233,3,3451,2013,451912200,86722.74,0,2011,"Omro, WI",1,2,0,0,0,0,0,1,0,0,0,0.043,150,38.6
1344,"Seymour, WI",233,3,3451,2014,456399900,87466.44,0,2011,"Omro, WI",1,3,0,0,0,0,0,0,1,0,0,0.043,151,38.6
1344,"Seymour, WI",233,3,3451,2015,473333200,90330.76,0,2011,"Omro, WI",1,4,0,0,0,0,0,0,0,1,0,0.043,152,38.6
1344,"Seymour, WI",233,3,3451,2016,478191700,90446.7,0,2011,"Omro, WI",1,5,0,0,0,0,0,0,0,0,1,0.043,153,38.6
1368,"Stevens Point, WI",366,4,26717,2005,646519400,203949.34,0,2008,"Tomahawk, WI",0,-3,1,0,0,0,0,0,0,0,0,0.071,205,65.9
1368,"Stevens Point, WI",366,4,26717,2006,657507300,214381.25,0,2008,"Tomahawk, WI",0,-2,0,1,0,0,0,0,0,0,0,0.071,206,65.9
1368,"Stevens Point, WI",366,4,26717,2007,695623700,219439.65,0,2008,"Tomahawk, WI",0,-1,0,0,1,0,0,0,0,0,0,0.071,207,65.9
1368,"Stevens Point, WI",366,4,26717,2008,724931100,220679.18,0,2008,"Tomahawk, WI",1,0,0,0,0,1,0,0,0,0,0,0.071,208,65.9
1368,"Stevens Point, WI",366,4,26717,2009,732622900,226118.18,0,2008,"Tomahawk, WI",1,1,0,0,0,0,1,0,0,0,0,0.071,209,65.9
1368,"Stevens Point, WI",366,4,26717,2010,737890700,226555.33,0,2008,"Tomahawk, WI",1,2,0,0,0,0,0,1,0,0,0,0.071,210,65.9
1368,"Stevens Point, WI",366,4,26717,2011,745795700,235341.02,0,2008,"Tomahawk, WI",1,3,0,0,0,0,0,0,1,0,0,0.071,211,65.9
1368,"Stevens Point, WI",366,4,26717,2012,750259600,236004.91,0,2008,"Tomahawk, WI",1,4,0,0,0,0,0,0,0,1,0,0.071,212,65.9
1368,"Stevens Point, WI",366,4,26717,2013,754247600,245603.26,0,2008,"Tomahawk, WI",1,5,0,0,0,0,0,0,0,0,1,0.071,213,65.9
1373,"Stratford, WI",366,3,1578,2005,36664940,75133.07,0,2008,"Tomahawk, WI",0,-3,1,0,0,0,0,0,0,0,0,0.071,205,49.2
1373,"Stratford, WI",366,3,1578,2006,53990800,130728.33,0,2008,"Tomahawk, WI",0,-2,0,1,0,0,0,0,0,0,0,0.071,206,49.2
1373,"Stratford, WI",366,3,1578,2007,55668100,134464.01,0,2008,"Tomahawk, WI",0,-1,0,0,1,0,0,0,0,0,0,0.071,207,49.2
1373,"Stratford, WI",366,3,1578,2008,57226600,133085.12,0,2008,"Tomahawk, WI",1,0,0,0,0,1,0,0,0,0,0,0.071,208,49.2
1373,"Stratford, WI",366,3,1578,2009,58440700,136225.41,0,2008,"Tomahawk, WI",1,1,0,0,0,0,1,0,0,0,0,0.071,209,49.2
1373,"Stratford, WI",366,3,1578,2010,59222900,137727.67,0,2008,"Tomahawk, WI",1,2,0,0,0,0,0,1,0,0,0,0.071,210,49.2
1373,"Stratford, WI",366,3,1578,2011,59528600,135600.46,0,2008,"Tomahawk, WI",1,3,0,0,0,0,0,0,1,0,0,0.071,211,49.2
1373,"Stratford, WI",366,3,1578,2012,59999500,135134.01,0,2008,"Tomahawk, WI",1,4,0,0,0,0,0,0,0,1,0,0.071,212,49.2
1373,"Stratford, WI",366,3,1578,2013,60569100,136416.89,0,2008,"Tomahawk, WI",1,5,0,0,0,0,0,0,0,0,1,0.071,213,49.2
1381,"Thorp, WI",366,6,1621,2005,52188100,144966.94,0,2008,"Tomahawk, WI",0,-3,1,0,0,0,0,0,0,0,0,0.071,205,62.9
1381,"Thorp, WI",366,6,1621,2006,63089300,173322.25,0,2008,"Tomahawk, WI",0,-2,0,1,0,0,0,0,0,0,0,0.071,206,62.9
1381,"Thorp, WI",366,6,1621,2007,63967200,175252.6,0,2008,"Tomahawk, WI",0,-1,0,0,1,0,0,0,0,0,0,0.071,207,62.9
1381,"Thorp, WI",366,6,1621,2008,64991800,171031.05,0,2008,"Tomahawk, WI",1,0,0,0,0,1,0,0,0,0,0,0.071,208,62.9
1381,"Thorp, WI",366,6,1621,2009,65958000,169994.85,0,2008,"Tomahawk, WI",1,1,0,0,0,0,1,0,0,0,0,0.071,209,62.9
1381,"Thorp, WI",366,6,1621,2010,67063200,163170.8,0,2008,"Tomahawk, WI",1,2,0,0,0,0,0,1,0,0,0,0.071,210,62.9
1381,"Thorp, WI",366,6,1621,2011,68889200,149759.13,0,2008,"Tomahawk, WI",1,3,0,0,0,0,0,0,1,0,0,0.071,211,62.9
1381,"Thorp, WI",366,6,1621,2012,69943100,150739.44,0,2008,"Tomahawk, WI",1,4,0,0,0,0,0,0,0,1,0,0.071,212,62.9
1381,"Thorp, WI",366,6,1621,2013,70685100,148186.79,0,2008,"Tomahawk, WI",1,5,0,0,0,0,0,0,0,0,1,0.071,213,62.9
1388,"Tomahawk, WI",366,6,3397,2005,158192500,69535.16,1,2008,"Tomahawk, WI",0,-3,1,0,0,0,0,0,0,0,0,1,205,0
1388,"Tomahawk, WI",366,6,3397,2006,160460600,69614.14,1,2008,"Tomahawk, WI",0,-2,0,1,0,0,0,0,0,0,0,1,206,0
1388,"Tomahawk, WI",366,6,3397,2007,174756600,75554.09,1,2008,"Tomahawk, WI",0,-1,0,0,1,0,0,0,0,0,0,1,207,0
1388,"Tomahawk, WI",366,6,3397,2008,175883100,76404.47,1,2008,"Tomahawk, WI",1,0,0,0,0,1,0,0,0,0,0,1,208,0
1388,"Tomahawk, WI",366,6,3397,2009,176532800,76454.22,1,2008,"Tomahawk, WI",1,1,0,0,0,0,1,0,0,0,0,1,209,0
1388,"Tomahawk, WI",366,6,3397,2010,186962800,85527.36,1,2008,"Tomahawk, WI",1,2,0,0,0,0,0,1,0,0,0,1,210,0
1388,"Tomahawk, WI",366,6,3397,2011,187625400,86304.23,1,2008,"Tomahawk, WI",1,3,0,0,0,0,0,0,1,0,0,1,211,0
1388,"Tomahawk, WI",366,6,3397,2012,188048100,86498.67,1,2008,"Tomahawk, WI",1,4,0,0,0,0,0,0,0,1,0,1,212,0
1388,"Tomahawk, WI",366,6,3397,2013,188307300,86419.14,1,2008,"Tomahawk, WI",1,5,0,0,0,0,0,0,0,0,1,1,213,0
1406,"Waterloo, WI",70,4,3333,2003,165308500,78382.41,0,2006,"Lake Mills, WI",0,-3,1,0,0,0,0,0,0,0,0,0.1,65,8.2
1406,"Waterloo, WI",70,4,3333,2004,171514900,81634.89,0,2006,"Lake Mills, WI",0,-2,0,1,0,0,0,0,0,0,0,0.1,66,8.2
1406,"Waterloo, WI",70,4,3333,2005,175422700,83694.04,0,2006,"Lake Mills, WI",0,-1,0,0,1,0,0,0,0,0,0,0.1,67,8.2
1406,"Waterloo, WI",70,4,3333,2006,179923900,85474.54,0,2006,"Lake Mills, WI",1,0,0,0,0,1,0,0,0,0,0,0.1,68,8.2
1406,"Waterloo, WI",70,4,3333,2007,205707100,85108.44,0,2006,"Lake Mills, WI",1,1,0,0,0,0,1,0,0,0,0,0.1,69,8.2
1406,"Waterloo, WI",70,4,3333,2008,208677000,86408.7,0,2006,"Lake Mills, WI",1,2,0,0,0,0,0,1,0,0,0,0.1,70,8.2
1406,"Waterloo, WI",70,4,3333,2009,210164200,87568.42,0,2006,"Lake Mills, WI",1,3,0,0,0,0,0,0,1,0,0,0.1,71,8.2
1406,"Waterloo, WI",70,4,3333,2010,224329100,92583.2,0,2006,"Lake Mills, WI",1,4,0,0,0,0,0,0,0,1,0,0.1,72,8.2
1406,"Waterloo, WI",70,4,3333,2011,229312300,95586.62,0,2006,"Lake Mills, WI",1,5,0,0,0,0,0,0,0,0,1,0.1,73,8.2
1412,"Waupaca, WI",233,6,6069,2008,240220700,144363.4,0,2011,"Omro, WI",0,-3,1,0,0,0,0,0,0,0,0,0.043,145,27.7
1412,"Waupaca, WI",233,6,6069,2009,241377000,144623.73,0,2011,"Omro, WI",0,-2,0,1,0,0,0,0,0,0,0,0.043,146,27.7
1412,"Waupaca, WI",233,6,6069,2010,248886000,151852.35,0,2011,"Omro, WI",0,-1,0,0,1,0,0,0,0,0,0,0.043,147,27.7
1412,"Waupaca, WI",233,6,6069,2011,249536300,153183.73,0,2011,"Omro, WI",1,0,0,0,0,1,0,0,0,0,0,0.043,148,27.7
1412,"Waupaca, WI",233,6,6069,2012,249482200,153527.51,0,2011,"Omro, WI",1,1,0,0,0,0,1,0,0,0,0,0.043,149,27.7
1412,"Waupaca, WI",233,6,6069,2013,249668700,153077.07,0,2011,"Omro, WI",1,2,0,0,0,0,0,1,0,0,0,0.043,150,27.7
1412,"Waupaca, WI",233,6,6069,2014,250345000,154058.46,0,2011,"Omro, WI",1,3,0,0,0,0,0,0,1,0,0,0.043,151,27.7
1412,"Waupaca, WI",233,6,6069,2015,250659900,153402.63,0,2011,"Omro, WI",1,4,0,0,0,0,0,0,0,1,0,0.043,152,27.7
1412,"Waupaca, WI",233,6,6069,2016,250714800,153812.76,0,2011,"Omro, WI",1,5,0,0,0,0,0,0,0,0,1,0.043,153,27.7
1413,"Waupun, WI",70,4,11340,2003,277694400,172588.19,0,2006,"Lake Mills, WI",0,-3,1,0,0,0,0,0,0,0,0,0.1,65,39.3
1413,"Waupun, WI",70,4,11340,2004,283403700,173229.65,0,2006,"Lake Mills, WI",0,-2,0,1,0,0,0,0,0,0,0,0.1,66,39.3
1413,"Waupun, WI",70,4,11340,2005,289285600,165400.57,0,2006,"Lake Mills, WI",0,-1,0,0,1,0,0,0,0,0,0,0.1,67,39.3
1413,"Waupun, WI",70,4,11340,2006,367648600,202896.58,0,2006,"Lake Mills, WI",1,0,0,0,0,1,0,0,0,0,0,0.1,68,39.3
1413,"Waupun, WI",70,4,11340,2007,373040000,206555.92,0,2006,"Lake Mills, WI",1,1,0,0,0,0,1,0,0,0,0,0.1,69,39.3
1413,"Waupun, WI",70,4,11340,2008,377013500,208525.17,0,2006,"Lake Mills, WI",1,2,0,0,0,0,0,1,0,0,0,0.1,70,39.3
1413,"Waupun, WI",70,4,11340,2009,380198200,209360.24,0,2006,"Lake Mills, WI",1,3,0,0,0,0,0,0,1,0,0,0.1,71,39.3
1413,"Waupun, WI",70,4,11340,2010,383308000,210840.48,0,2006,"Lake Mills, WI",1,4,0,0,0,0,0,0,0,1,0,0.1,72,39.3
1413,"Waupun, WI",70,4,11340,2011,387036300,211726.64,0,2006,"Lake Mills, WI",1,5,0,0,0,0,0,0,0,0,1,0.1,73,39.3
1417,"Wautoma, WI",233,6,2218,2008,125333800,42428.5,0,2011,"Omro, WI",0,-3,1,0,0,0,0,0,0,0,0,0.043,145,27.2
1417,"Wautoma, WI",233,6,2218,2009,134863900,42476.82,0,2011,"Omro, WI",0,-2,0,1,0,0,0,0,0,0,0,0.043,146,27.2
1417,"Wautoma, WI",233,6,2218,2010,135670700,42677.16,0,2011,"Omro, WI",0,-1,0,0,1,0,0,0,0,0,0,0.043,147,27.2
1417,"Wautoma, WI",233,6,2218,2011,137036900,42783.92,0,2011,"Omro, WI",1,0,0,0,0,1,0,0,0,0,0,0.043,148,27.2
1417,"Wautoma, WI",233,6,2218,2012,137840800,42914.32,0,2011,"Omro, WI",1,1,0,0,0,0,1,0,0,0,0,0.043,149,27.2
1417,"Wautoma, WI",233,6,2218,2013,138083000,42896.24,0,2011,"Omro, WI",1,2,0,0,0,0,0,1,0,0,0,0.043,150,27.2
1417,"Wautoma, WI",233,6,2218,2014,137997500,42552.42,0,2011,"Omro, WI",1,3,0,0,0,0,0,0,1,0,0,0.043,151,27.2
1417,"Wautoma, WI",233,6,2218,2015,138583500,43280.29,0,2011,"Omro, WI",1,4,0,0,0,0,0,0,0,1,0,0.043,152,27.2
1417,"Wautoma, WI",233,6,2218,2016,139393100,43614.86,0,2011,"Omro, WI",1,5,0,0,0,0,0,0,0,0,1,0.043,153,27.2
1430,"Weyauwega, WI",233,6,1900,2008,86398900,82520.44,0,2011,"Omro, WI",0,-3,1,0,0,0,0,0,0,0,0,0.043,145,21.7
1430,"Weyauwega, WI",233,6,1900,2009,95160000,100063.09,0,2011,"Omro, WI",0,-2,0,1,0,0,0,0,0,0,0,0.043,146,21.7
1430,"Weyauwega, WI",233,6,1900,2010,95328000,100239.75,0,2011,"Omro, WI",0,-1,0,0,1,0,0,0,0,0,0,0.043,147,21.7
1430,"Weyauwega, WI",233,6,1900,2011,95732400,101197.04,0,2011,"Omro, WI",1,0,0,0,0,1,0,0,0,0,0,0.043,148,21.7
1430,"Weyauwega, WI",233,6,1900,2012,95457000,100586.93,0,2011,"Omro, WI",1,1,0,0,0,0,1,0,0,0,0,0.043,149,21.7
1430,"Weyauwega, WI",233,6,1900,2013,95197200,100631.29,0,2011,"Omro, WI",1,2,0,0,0,0,0,1,0,0,0,0.043,150,21.7
1430,"Weyauwega, WI",233,6,1900,2014,95268500,100600.32,0,2011,"Omro, WI",1,3,0,0,0,0,0,0,1,0,0,0.043,151,21.7
1430,"Weyauwega, WI",233,6,1900,2015,95199900,100210.42,0,2011,"Omro, WI",1,4,0,0,0,0,0,0,0,1,0,0.043,152,21.7
1430,"Weyauwega, WI",233,6,1900,2016,96131800,100033.09,0,2011,"Omro, WI",1,5,0,0,0,0,0,0,0,0,1,0.043,153,21.7
1442,"Wisconsin Rapids, WI",366,4,18367,2005,465585700,147945.88,0,2008,"Tomahawk, WI",0,-3,1,0,0,0,0,0,0,0,0,0.071,205,74.8
1442,"Wisconsin Rapids, WI",366,4,18367,2006,471227700,150359.83,0,2008,"Tomahawk, WI",0,-2,0,1,0,0,0,0,0,0,0,0.071,206,74.8
1442,"Wisconsin Rapids, WI",366,4,18367,2007,473797600,150794.91,0,2008,"Tomahawk, WI",0,-1,0,0,1,0,0,0,0,0,0,0.071,207,74.8
1442,"Wisconsin Rapids, WI",366,4,18367,2008,477128400,152145.54,0,2008,"Tomahawk, WI",1,0,0,0,0,1,0,0,0,0,0,0.071,208,74.8
1442,"Wisconsin Rapids, WI",366,4,18367,2009,478653600,152924.47,0,2008,"Tomahawk, WI",1,1,0,0,0,0,1,0,0,0,0,0.071,209,74.8
1442,"Wisconsin Rapids, WI",366,4,18367,2010,480850000,153724.42,0,2008,"Tomahawk, WI",1,2,0,0,0,0,0,1,0,0,0,0.071,210,74.8
1442,"Wisconsin Rapids, WI",366,4,18367,2011,483849300,154436.42,0,2008,"Tomahawk, WI",1,3,0,0,0,0,0,0,1,0,0,0.071,211,74.8
1442,"Wisconsin Rapids, WI",366,4,18367,2012,485318100,154461.52,0,2008,"Tomahawk, WI",1,4,0,0,0,0,0,0,0,1,0,0.071,212,74.8
1442,"Wisconsin Rapids, WI",366,4,18367,2013,524000800,168651.69,0,2008,"Tomahawk, WI",1,5,0,0,0,0,0,0,0,0,1,0.071,213,74.8
